Date,Station,AWND,PRCP,SNOW,TMAX,TMIN
20170101,DFW,26,18,0,189,61
20170101,ORD,22,0,0,44,-82
20170101,SFO,69,13,0,122,78
20170101,DEN,38,0,0,83,-88
20170102,DFW,43,127,0,228,122
20170102,ORD,28,28,0,44,-38
20170102,SFO,33,46,0,111,67
20170102,DEN,56,0,0,111,-93
20170103,DFW,71,0,0,161,39
20170103,ORD,45,0,0,39,-71
20170103,SFO,73,163,0,150,89
20170103,DEN,37,0,0,0,-121
20170104,DFW,38,0,0,44,0
20170104,ORD,76,0,0,-71,-138
20170104,SFO,48,124,0,150,83
20170104,DEN,39,25,38,-110,-155
20170105,DFW,62,0,0,44,-32
20170105,ORD,57,0,0,-105,-160
20170105,SFO,38,0,0,106,50
20170105,DEN,22,61,66,-149,-188
20170106,DFW,73,3,3,-27,-71
20170106,ORD,45,0,0,-127,-177
20170106,SFO,34,0,0,94,33
20170106,DEN,40,0,0,-66,-216
20170107,DFW,26,0,0,44,-99
20170107,ORD,48,0,0,-77,-177
20170107,SFO,58,213,0,167,67
20170107,DEN,31,0,0,-32,-166
20170108,DFW,46,0,0,94,-66
20170108,ORD,43,0,0,-71,-166
20170108,SFO,111,325,0,178,122
20170108,DEN,43,0,0,89,-110
20170109,DFW,83,0,0,206,22
20170109,ORD,58,5,5,6,-71
20170109,SFO,53,69,0,150,117
20170109,DEN,63,0,0,167,-5
20170110,DFW,60,0,0,261,139
20170110,ORD,104,51,0,106,-38
20170110,SFO,98,462,0,156,133
20170110,DEN,65,0,0,111,0
20170111,DFW,94,0,0,267,133
20170111,ORD,54,84,0,61,-38
20170111,SFO,50,10,0,144,100
20170111,DEN,56,0,0,133,-60
20170112,DFW,62,0,0,256,78
20170112,ORD,50,13,5,-21,-71
20170112,SFO,28,76,0,111,72
20170112,DEN,49,0,0,44,-77
20170113,DFW,48,51,0,94,50
20170113,ORD,40,0,0,-27,-88
20170113,SFO,21,0,0,139,44
20170113,DEN,17,0,0,39,-77
20170114,DFW,41,3,0,67,39
20170114,ORD,21,0,0,17,-60
20170114,SFO,22,0,0,144,44
20170114,DEN,26,0,0,56,-55
20170115,DFW,36,803,0,189,61
20170115,ORD,10,0,0,22,-66
20170115,SFO,12,0,0,111,50
20170115,DEN,26,0,0,17,-55
20170116,DFW,30,3,0,189,89
20170116,ORD,26,229,0,28,-10
20170116,SFO,35,0,0,122,67
20170116,DEN,47,51,56,17,-27
20170117,DFW,34,74,0,106,61
20170117,ORD,43,122,0,39,17
20170117,SFO,18,0,0,111,50
20170117,DEN,34,0,0,78,-82
20170118,DFW,32,30,0,122,89
20170118,ORD,43,0,0,22,-10
20170118,SFO,57,229,0,128,94
20170118,DEN,38,0,0,111,-60
20170119,DFW,53,0,0,194,89
20170119,ORD,30,117,0,56,-10
20170119,SFO,52,13,0,144,106
20170119,DEN,38,0,0,122,-55
20170120,DFW,55,0,0,256,83
20170120,ORD,26,46,0,61,33
20170120,SFO,58,302,0,133,61
20170120,DEN,34,0,0,72,-32
20170121,DFW,41,5,0,228,89
20170121,ORD,38,0,0,150,44
20170121,SFO,57,71,0,133,89
20170121,DEN,29,0,0,56,-71
20170122,DFW,83,0,0,189,89
20170122,ORD,24,3,0,78,33
20170122,SFO,52,173,0,139,83
20170122,DEN,35,0,0,83,-32
20170123,DFW,34,0,0,200,50
20170123,ORD,42,0,0,56,22
20170123,SFO,24,81,0,122,72
20170123,DEN,40,0,0,122,-49
20170124,DFW,47,0,0,267,72
20170124,ORD,32,0,0,33,11
20170124,SFO,23,0,0,122,50
20170124,DEN,47,0,0,0,-82
20170125,DFW,57,0,0,178,56
20170125,ORD,51,23,0,56,11
20170125,SFO,24,0,0,133,50
20170125,DEN,32,0,0,-10,-121
20170126,DFW,38,0,0,117,6
20170126,ORD,60,0,0,11,-10
20170126,SFO,17,0,0,133,61
20170126,DEN,38,0,0,-5,-132
20170127,DFW,43,0,0,139,6
20170127,ORD,66,0,0,-5,-43
20170127,SFO,22,0,0,144,50
20170127,DEN,44,0,0,44,-116
20170128,DFW,57,0,0,144,33
20170128,ORD,52,0,0,-16,-43
20170128,SFO,15,0,0,150,50
20170128,DEN,34,0,0,100,-82
20170129,DFW,62,0,0,206,56
20170129,ORD,47,0,3,-21,-60
20170129,SFO,14,0,0,156,50
20170129,DEN,49,0,0,161,-21
20170130,DFW,31,0,0,256,50
20170130,ORD,45,3,3,28,-93
20170130,SFO,10,0,0,156,56
20170130,DEN,64,0,0,172,6
20170131,DFW,63,0,0,267,56
20170131,ORD,70,8,0,39,17
20170131,SFO,5,0,0,150,56
20170131,DEN,41,0,0,161,-5
20170201,DFW,55,0,0,267,117
20170201,ORD,55,0,0,33,-60
20170201,SFO,26,3,0,133,83
20170201,DEN,40,0,0,-5,-66
20170202,DFW,65,0,0,128,61
20170202,ORD,60,0,0,-43,-99
20170202,SFO,46,38,0,167,106
20170202,DEN,29,0,0,-32,-82
20170203,DFW,44,0,0,122,50
20170203,ORD,47,0,0,-21,-99
20170203,SFO,65,112,0,161,128
20170203,DEN,42,0,0,33,-88
20170204,DFW,52,0,0,117,78
20170204,ORD,56,0,0,6,-121
20170204,SFO,38,46,0,161,117
20170204,DEN,59,0,0,156,-16
20170205,DFW,46,0,0,256,100
20170205,ORD,39,0,0,33,-43
20170205,SFO,51,41,0,161,100
20170205,DEN,43,0,0,144,-16
20170206,DFW,83,0,0,278,178
20170206,ORD,31,0,0,128,-60
20170206,SFO,56,124,0,156,128
20170206,DEN,66,0,0,161,28
20170207,DFW,48,0,0,267,150
20170207,ORD,47,119,0,100,0
20170207,SFO,72,236,0,172,133
20170207,DEN,38,0,0,167,0
20170208,DFW,75,0,0,206,72
20170208,ORD,50,0,0,0,-71
20170208,SFO,53,66,0,178,133
20170208,DEN,88,0,0,144,33
20170209,DFW,41,0,0,161,22
20170209,ORD,52,0,0,-38,-105
20170209,SFO,62,163,0,172,144
20170209,DEN,53,0,0,200,-5
20170210,DFW,74,0,0,250,78
20170210,ORD,61,0,0,50,-77
20170210,SFO,42,30,0,167,106
20170210,DEN,59,0,0,267,44
20170211,DFW,78,0,0,311,172
20170211,ORD,30,0,0,94,11
20170211,SFO,42,0,0,150,83
20170211,DEN,51,0,0,133,6
20170212,DFW,81,0,0,228,156
20170212,ORD,71,0,0,83,-5
20170212,SFO,27,0,0,178,67
20170212,DEN,38,0,0,94,-16
20170213,DFW,55,81,0,189,83
20170213,ORD,46,0,0,67,-38
20170213,SFO,26,0,0,172,78
20170213,DEN,38,0,0,89,-21
20170214,DFW,76,302,0,94,61
20170214,ORD,63,0,0,100,-5
20170214,SFO,19,0,0,189,89
20170214,DEN,36,0,0,94,-43
20170215,DFW,50,0,0,161,56
20170215,ORD,50,0,0,17,-32
20170215,SFO,31,0,0,172,106
20170215,DEN,43,0,0,194,-27
20170216,DFW,38,0,0,200,28
20170216,ORD,40,0,0,50,-10
20170216,SFO,51,94,0,178,128
20170216,DEN,51,0,0,239,39
20170217,DFW,60,0,0,217,78
20170217,ORD,36,0,0,194,-27
20170217,SFO,52,218,0,150,122
20170217,DEN,50,0,0,189,-38
20170218,DFW,40,0,0,278,150
20170218,ORD,31,0,0,211,44
20170218,SFO,76,48,0,139,100
20170218,DEN,50,0,0,194,-16
20170219,DFW,56,0,0,250,144
20170219,ORD,17,0,0,206,17
20170219,SFO,54,23,0,144,100
20170219,DEN,56,0,0,178,17
20170220,DFW,47,130,0,217,133
20170220,ORD,55,0,0,211,50
20170220,SFO,72,549,0,156,122
20170220,DEN,44,0,0,172,-43
20170221,DFW,52,0,0,250,106
20170221,ORD,29,10,0,189,94
20170221,SFO,53,74,0,161,100
20170221,DEN,66,0,0,228,39
20170222,DFW,32,0,0,300,83
20170222,ORD,53,0,0,200,100
20170222,SFO,62,0,0,128,72
20170222,DEN,63,0,0,139,-10
20170223,DFW,68,0,0,311,128
20170223,ORD,56,53,0,150,33
20170223,SFO,50,0,0,117,56
20170223,DEN,53,41,33,6,-77
20170224,DFW,73,0,0,217,83
20170224,ORD,56,38,0,44,6
20170224,SFO,29,0,0,122,44
20170224,DEN,30,13,8,-32,-82
20170225,DFW,37,0,0,128,17
20170225,ORD,62,0,0,6,-49
20170225,SFO,26,5,0,133,67
20170225,DEN,43,0,0,33,-93
20170226,DFW,45,79,0,172,44
20170226,ORD,62,0,0,94,-60
20170226,SFO,39,5,0,139,44
20170226,DEN,35,0,0,56,-116
20170227,DFW,48,0,0,267,150
20170227,ORD,33,0,0,122,-27
20170227,SFO,38,13,0,128,56
20170227,DEN,63,0,0,144,-99
20170228,DFW,74,0,0,283,206
20170228,ORD,61,165,0,156,83
20170228,SFO,42,0,0,139,61
20170228,DEN,46,5,0,17,-66
20170301,DFW,69,0,0,228,83
20170301,ORD,63,30,0,122,0
20170301,SFO,30,0,0,167,61
20170301,DEN,58,0,0,89,-99
20170302,DFW,21,0,0,194,44
20170302,ORD,49,0,0,17,-27
20170302,SFO,30,0,0,189,61
20170302,DEN,29,0,0,117,-71
20170303,DFW,35,0,0,222,56
20170303,ORD,46,0,0,6,-60
20170303,SFO,46,0,0,167,67
20170303,DEN,51,0,0,178,-38
20170304,DFW,59,10,0,167,100
20170304,ORD,65,3,3,56,-21
20170304,SFO,51,137,0,161,106
20170304,DEN,45,0,0,217,0
20170305,DFW,47,36,0,189,117
20170305,ORD,65,0,0,156,0
20170305,SFO,72,74,0,117,56
20170305,DEN,64,0,0,206,56
20170306,DFW,98,0,0,289,189
20170306,ORD,94,0,0,183,111
20170306,SFO,30,71,0,133,61
20170306,DEN,108,0,0,117,-43
20170307,DFW,60,0,0,228,111
20170307,ORD,86,61,0,183,67
20170307,SFO,22,0,0,150,56
20170307,DEN,82,0,0,117,-77
20170308,DFW,38,0,0,256,72
20170308,ORD,99,0,0,117,44
20170308,SFO,36,0,0,178,78
20170308,DEN,50,0,0,194,-60
20170309,DFW,57,0,0,272,161
20170309,ORD,31,0,0,56,-16
20170309,SFO,42,0,0,194,100
20170309,DEN,57,0,0,222,6
20170310,DFW,38,0,0,222,156
20170310,ORD,65,0,0,22,-49
20170310,SFO,39,0,0,194,111
20170310,DEN,31,0,0,183,-32
20170311,DFW,54,0,0,244,100
20170311,ORD,38,0,0,0,-77
20170311,SFO,56,0,0,183,100
20170311,DEN,28,5,0,89,0
20170312,DFW,42,0,0,128,61
20170312,ORD,31,13,10,22,-77
20170312,SFO,38,0,0,211,89
20170312,DEN,62,0,0,161,-5
20170313,DFW,55,3,0,189,67
20170313,ORD,47,61,99,-5,-27
20170313,SFO,18,0,0,250,89
20170313,DEN,33,0,0,139,-71
20170314,DFW,27,0,0,189,28
20170314,ORD,63,48,86,-21,-71
20170314,SFO,32,0,0,244,122
20170314,DEN,34,0,0,206,28
20170315,DFW,48,0,0,194,72
20170315,ORD,51,0,0,6,-88
20170315,SFO,46,0,0,167,111
20170315,DEN,62,0,0,250,33
20170316,DFW,67,0,0,239,122
20170316,ORD,29,0,0,56,-77
20170316,SFO,38,0,0,183,106
20170316,DEN,60,0,0,244,89
20170317,DFW,74,0,0,267,194
20170317,ORD,46,8,0,100,22
20170317,SFO,31,0,0,217,89
20170317,DEN,59,0,0,217,28
20170318,DFW,39,0,0,294,183
20170318,ORD,58,0,0,72,0
20170318,SFO,28,0,0,206,117
20170318,DEN,33,0,0,272,17
20170319,DFW,58,0,0,300,172
20170319,ORD,38,0,0,117,-16
20170319,SFO,29,0,0,172,122
20170319,DEN,49,0,0,267,89
20170320,DFW,78,0,0,333,194
20170320,ORD,37,33,0,122,28
20170320,SFO,50,132,0,167,128
20170320,DEN,49,0,0,250,72
20170321,DFW,60,0,0,306,172
20170321,ORD,55,0,0,122,6
20170321,SFO,51,71,0,183,139
20170321,DEN,50,0,0,211,11
20170322,DFW,55,0,0,300,183
20170322,ORD,53,0,0,28,-21
20170322,SFO,70,69,0,150,111
20170322,DEN,43,0,0,217,28
20170323,DFW,104,0,0,306,189
20170323,ORD,57,5,0,100,-16
20170323,SFO,49,0,0,161,100
20170323,DEN,86,20,0,250,28
20170324,DFW,80,81,0,267,150
20170324,ORD,70,0,0,278,56
20170324,SFO,34,191,0,144,117
20170324,DEN,86,114,0,117,-5
20170325,DFW,51,0,0,233,128
20170325,ORD,52,180,0,83,50
20170325,SFO,47,0,0,161,111
20170325,DEN,49,0,0,167,-21
20170326,DFW,67,0,0,300,106
20170326,ORD,34,76,0,167,83
20170326,SFO,43,5,0,172,111
20170326,DEN,41,0,0,122,17
20170327,DFW,43,0,0,228,150
20170327,ORD,33,0,0,111,56
20170327,SFO,73,0,0,161,106
20170327,DEN,40,0,0,178,-10
20170328,DFW,59,0,0,278,150
20170328,ORD,47,0,0,100,22
20170328,SFO,61,0,0,200,89
20170328,DEN,69,48,0,78,17
20170329,DFW,72,140,0,283,144
20170329,ORD,53,28,0,94,17
20170329,SFO,66,0,0,183,117
20170329,DEN,57,10,0,139,11
20170330,DFW,48,0,0,267,117
20170330,ORD,65,467,0,72,39
20170330,SFO,89,3,0,161,106
20170330,DEN,39,0,0,194,-5
20170331,DFW,47,0,0,300,122
20170331,ORD,65,5,0,67,22
20170331,SFO,83,0,0,200,128
20170331,DEN,64,30,0,106,0
20170401,DFW,56,0,0,250,150
20170401,ORD,26,0,0,150,11
20170401,SFO,42,0,0,256,117
20170401,DEN,28,8,0,50,-10
20170402,DFW,60,544,0,222,156
20170402,ORD,27,0,0,161,56
20170402,SFO,48,0,0,233,111
20170402,DEN,32,0,0,172,-5
20170403,DFW,25,0,0,267,106
20170403,ORD,38,48,0,122,78
20170403,SFO,64,0,0,200,94
20170403,DEN,52,20,0,144,11
20170404,DFW,68,0,0,300,144
20170404,ORD,39,5,0,133,61
20170404,SFO,48,0,0,222,89
20170404,DEN,44,51,3,56,-5
20170405,DFW,89,0,0,228,94
20170405,ORD,81,264,0,83,44
20170405,SFO,30,0,0,200,111
20170405,DEN,37,0,0,133,-21
20170406,DFW,20,0,0,256,83
20170406,ORD,76,74,0,106,33
20170406,SFO,68,257,0,183,100
20170406,DEN,51,0,0,189,-10
20170407,DFW,44,0,0,267,106
20170407,ORD,49,0,0,122,28
20170407,SFO,62,124,0,178,100
20170407,DEN,48,0,0,244,83
20170408,DFW,89,0,0,283,156
20170408,ORD,62,0,0,200,28
20170408,SFO,56,28,0,133,83
20170408,DEN,49,0,0,250,72
20170409,DFW,97,0,0,289,194
20170409,ORD,84,0,0,250,139
20170409,SFO,40,0,0,156,72
20170409,DEN,87,0,0,150,17
20170410,DFW,53,135,0,278,189
20170410,ORD,62,81,0,256,50
20170410,SFO,33,0,0,178,78
20170410,DEN,47,0,0,144,-43
20170411,DFW,42,51,0,250,161
20170411,ORD,42,0,0,122,50
20170411,SFO,46,13,0,194,117
20170411,DEN,48,0,0,211,-10
20170412,DFW,28,0,0,250,167
20170412,ORD,32,0,0,150,33
20170412,SFO,59,46,0,178,122
20170412,DEN,43,0,0,233,44
20170413,DFW,46,0,0,283,167
20170413,ORD,41,48,0,156,67
20170413,SFO,68,0,0,150,100
20170413,DEN,67,0,0,261,28
20170414,DFW,58,0,0,278,200
20170414,ORD,42,15,0,189,83
20170414,SFO,63,0,0,161,83
20170414,DEN,49,0,0,261,39
20170415,DFW,59,0,0,272,189
20170415,ORD,72,23,0,278,161
20170415,SFO,30,0,0,194,78
20170415,DEN,47,0,0,200,28
20170416,DFW,48,0,0,272,194
20170416,ORD,52,150,0,228,111
20170416,SFO,38,20,0,156,111
20170416,DEN,46,0,0,222,-5
20170417,DFW,41,114,0,244,178
20170417,ORD,31,0,0,206,67
20170417,SFO,17,43,0,167,122
20170417,DEN,36,0,0,250,44
20170418,DFW,34,0,0,278,167
20170418,ORD,51,0,0,244,50
20170418,SFO,36,3,0,194,111
20170418,DEN,59,0,0,256,44
20170419,DFW,58,0,0,294,183
20170419,ORD,43,3,0,211,72
20170419,SFO,34,25,0,194,94
20170419,DEN,61,0,0,228,78
20170420,DFW,56,0,0,294,211
20170420,ORD,67,0,0,228,89
20170420,SFO,53,0,0,183,122
20170420,DEN,64,28,0,178,0
20170421,DFW,69,0,0,294,167
20170421,ORD,56,0,0,117,67
20170421,SFO,38,0,0,233,106
20170421,DEN,67,13,0,89,28
20170422,DFW,80,0,0,178,122
20170422,ORD,38,0,0,156,33
20170422,SFO,50,0,0,183,106
20170422,DEN,35,25,0,139,17
20170423,DFW,45,0,0,239,94
20170423,ORD,26,0,0,222,28
20170423,SFO,93,0,0,178,117
20170423,DEN,56,0,0,244,44
20170424,DFW,53,0,0,256,94
20170424,ORD,34,0,0,228,44
20170424,SFO,72,0,0,167,117
20170424,DEN,57,0,0,194,56
20170425,DFW,91,0,0,300,172
20170425,ORD,54,0,0,261,111
20170425,SFO,75,0,0,178,111
20170425,DEN,55,15,0,144,-5
20170426,DFW,65,13,0,244,106
20170426,ORD,51,56,0,233,156
20170426,SFO,64,0,0,178,122
20170426,DEN,27,0,0,161,-32
20170427,DFW,52,0,0,250,78
20170427,ORD,71,36,0,167,50
20170427,SFO,82,0,0,183,111
20170427,DEN,45,3,0,122,0
20170428,DFW,64,0,0,311,189
20170428,ORD,34,0,0,156,44
20170428,SFO,70,0,0,200,94
20170428,DEN,68,30,0,122,-16
20170429,DFW,93,0,0,328,139
20170429,ORD,84,495,0,78,44
20170429,SFO,61,0,0,250,122
20170429,DEN,72,56,61,-5,-16
20170430,DFW,92,3,0,217,100
20170430,ORD,60,335,0,83,56
20170430,SFO,55,0,0,233,100
20170430,DEN,84,0,0,156,-21
20170501,DFW,35,0,0,294,94
20170501,ORD,66,23,0,139,72
20170501,SFO,47,0,0,289,122
20170501,DEN,34,0,0,178,33
20170502,DFW,55,0,0,311,144
20170502,ORD,66,3,0,106,50
20170502,SFO,55,0,0,294,139
20170502,DEN,41,25,0,172,28
20170503,DFW,78,5,0,278,150
20170503,ORD,27,0,0,133,17
20170503,SFO,43,0,0,306,117
20170503,DEN,45,25,0,133,11
20170504,DFW,75,0,0,250,128
20170504,ORD,50,0,0,122,61
20170504,SFO,72,0,0,189,111
20170504,DEN,43,0,0,217,0
20170505,DFW,38,0,0,272,122
20170505,ORD,60,0,0,161,50
20170505,SFO,113,0,0,172,106
20170505,DEN,40,0,0,261,56
20170506,DFW,24,0,0,311,122
20170506,ORD,56,28,0,144,67
20170506,SFO,91,0,0,172,100
20170506,DEN,56,0,0,300,89
20170507,DFW,38,0,0,311,150
20170507,ORD,38,0,0,150,22
20170507,SFO,57,0,0,211,100
20170507,DEN,54,0,0,267,100
20170508,DFW,56,0,0,294,178
20170508,ORD,31,5,0,139,11
20170508,SFO,45,0,0,211,100
20170508,DEN,56,117,0,233,94
20170509,DFW,51,0,0,278,194
20170509,ORD,30,33,0,161,56
20170509,SFO,48,0,0,239,106
20170509,DEN,36,3,0,200,106
20170510,DFW,71,0,0,278,222
20170510,ORD,34,221,0,194,67
20170510,SFO,55,0,0,200,117
20170510,DEN,58,56,0,122,83
20170511,DFW,55,5,0,317,206
20170511,ORD,41,0,0,183,94
20170511,SFO,47,0,0,206,111
20170511,DEN,51,0,0,172,67
20170512,DFW,72,0,0,278,167
20170512,ORD,27,0,0,228,72
20170512,SFO,93,0,0,178,106
20170512,DEN,62,0,0,256,56
20170513,DFW,25,0,0,289,144
20170513,ORD,39,0,0,278,83
20170513,SFO,84,0,0,178,94
20170513,DEN,46,0,0,294,89
20170514,DFW,43,0,0,328,156
20170514,ORD,35,0,0,217,106
20170514,SFO,75,0,0,167,94
20170514,DEN,51,0,0,244,67
20170515,DFW,64,0,0,322,206
20170515,ORD,40,5,0,278,100
20170515,SFO,83,0,0,172,100
20170515,DEN,49,0,0,289,100
20170516,DFW,91,0,0,294,211
20170516,ORD,65,0,0,306,161
20170516,SFO,82,0,0,172,111
20170516,DEN,53,25,0,222,61
20170517,DFW,73,30,0,328,206
20170517,ORD,90,94,0,289,167
20170517,SFO,75,0,0,189,100
20170517,DEN,57,130,0,228,44
20170518,DFW,83,0,0,344,250
20170518,ORD,85,0,0,256,89
20170518,SFO,47,0,0,244,94
20170518,DEN,65,287,0,56,6
20170519,DFW,84,0,0,317,222
20170519,ORD,72,58,0,100,61
20170519,SFO,47,0,0,267,111
20170519,DEN,64,23,0,39,6
20170520,DFW,44,15,0,278,194
20170520,ORD,47,86,0,178,89
20170520,SFO,47,0,0,306,111
20170520,DEN,35,0,0,167,11
20170521,DFW,43,20,0,278,172
20170521,ORD,57,13,0,183,106
20170521,SFO,59,0,0,250,117
20170521,DEN,39,69,0,194,17
20170522,DFW,32,46,0,278,167
20170522,ORD,57,3,0,228,89
20170522,SFO,58,0,0,211,106
20170522,DEN,48,36,0,194,61
20170523,DFW,50,13,0,256,167
20170523,ORD,30,84,0,167,128
20170523,SFO,66,0,0,206,111
20170523,DEN,50,0,0,172,50
20170524,DFW,50,0,0,283,144
20170524,ORD,63,43,0,167,117
20170524,SFO,41,0,0,206,117
20170524,DEN,49,0,0,289,22
20170525,DFW,76,0,0,339,156
20170525,ORD,39,0,0,206,111
20170525,SFO,73,0,0,183,128
20170525,DEN,63,36,0,261,83
20170526,DFW,80,0,0,356,239
20170526,ORD,34,135,0,217,111
20170526,SFO,52,0,0,183,122
20170526,DEN,49,13,0,233,72
20170527,DFW,84,0,0,333,267
20170527,ORD,24,0,0,256,111
20170527,SFO,61,0,0,194,122
20170527,DEN,34,51,0,144,72
20170528,DFW,35,43,0,283,222
20170528,ORD,31,0,0,250,133
20170528,SFO,77,0,0,178,122
20170528,DEN,36,18,0,217,50
20170529,DFW,27,0,0,317,194
20170529,ORD,52,0,0,250,128
20170529,SFO,77,0,0,156,117
20170529,DEN,31,5,0,206,83
20170530,DFW,19,0,0,333,189
20170530,ORD,52,0,0,233,122
20170530,SFO,99,0,0,172,111
20170530,DEN,40,13,0,239,72
20170531,DFW,28,0,0,333,211
20170531,ORD,47,0,0,233,111
20170531,SFO,65,0,0,211,122
20170531,DEN,38,0,0,278,78
20170601,DFW,37,38,0,306,222
20170601,ORD,21,0,0,272,106
20170601,SFO,68,0,0,206,128
20170601,DEN,41,0,0,267,94
20170602,DFW,35,434,0,306,206
20170602,ORD,24,0,0,300,117
20170602,SFO,74,0,0,217,117
20170602,DEN,45,3,0,261,106
20170603,DFW,21,272,0,278,206
20170603,ORD,27,0,0,289,139
20170603,SFO,66,0,0,194,122
20170603,DEN,39,0,0,250,83
20170604,DFW,22,23,0,311,211
20170604,ORD,38,0,0,333,189
20170604,SFO,70,0,0,194,117
20170604,DEN,34,0,0,272,83
20170605,DFW,29,0,0,306,206
20170605,ORD,63,0,0,239,150
20170605,SFO,59,0,0,233,106
20170605,DEN,40,0,0,300,106
20170606,DFW,53,0,0,350,217
20170606,ORD,62,0,0,244,122
20170606,SFO,60,0,0,183,111
20170606,DEN,31,0,0,256,100
20170607,DFW,36,0,0,328,228
20170607,ORD,36,0,0,250,133
20170607,SFO,41,0,0,200,122
20170607,DEN,46,3,0,294,117
20170608,DFW,36,0,0,317,211
20170608,ORD,19,15,0,283,117
20170608,SFO,32,13,0,189,150
20170608,DEN,38,0,0,294,111
20170609,DFW,55,188,0,272,189
20170609,ORD,40,0,0,306,183
20170609,SFO,66,0,0,189,133
20170609,DEN,56,0,0,333,156
20170610,DFW,63,0,0,322,222
20170610,ORD,63,0,0,322,178
20170610,SFO,81,0,0,200,122
20170610,DEN,68,0,0,344,183
20170611,DFW,66,0,0,322,233
20170611,ORD,67,0,0,339,228
20170611,SFO,108,0,0,178,122
20170611,DEN,44,0,0,267,156
20170612,DFW,67,0,0,344,250
20170612,ORD,52,0,0,350,228
20170612,SFO,72,0,0,183,117
20170612,DEN,75,0,0,339,133
20170613,DFW,72,0,0,344,256
20170613,ORD,31,0,0,311,200
20170613,SFO,55,0,0,211,111
20170613,DEN,54,0,0,278,56
20170614,DFW,74,0,0,344,261
20170614,ORD,44,150,0,333,200
20170614,SFO,75,0,0,228,117
20170614,DEN,42,0,0,306,100
20170615,DFW,56,0,0,350,256
20170615,ORD,35,18,0,328,200
20170615,SFO,98,0,0,222,128
20170615,DEN,34,0,0,317,111
20170616,DFW,62,0,0,356,261
20170616,ORD,46,56,0,300,194
20170616,SFO,81,0,0,239,139
20170616,DEN,55,0,0,350,117
20170617,DFW,69,0,0,344,261
20170617,ORD,38,107,0,306,206
20170617,SFO,73,0,0,250,128
20170617,DEN,55,0,0,300,156
20170618,DFW,55,0,0,350,267
20170618,ORD,61,0,0,261,206
20170618,SFO,36,0,0,361,167
20170618,DEN,36,0,0,300,144
20170619,DFW,40,48,0,339,233
20170619,ORD,45,8,0,267,167
20170619,SFO,62,0,0,250,144
20170619,DEN,43,0,0,300,128
20170620,DFW,29,0,0,344,250
20170620,ORD,43,0,0,267,144
20170620,SFO,68,0,0,222,133
20170620,DEN,38,0,0,372,161
20170621,DFW,39,0,0,344,233
20170621,ORD,32,0,0,267,128
20170621,SFO,48,0,0,244,122
20170621,DEN,50,0,0,367,161
20170622,DFW,30,0,0,339,239
20170622,ORD,65,0,0,311,200
20170622,SFO,49,0,0,267,150
20170622,DEN,55,0,0,339,161
20170623,DFW,38,36,0,378,250
20170623,ORD,55,180,0,283,189
20170623,SFO,53,0,0,228,144
20170623,DEN,41,25,0,172,89
20170624,DFW,39,975,0,289,211
20170624,ORD,55,5,0,239,150
20170624,SFO,73,0,0,206,139
20170624,DEN,49,0,0,261,72
20170625,DFW,37,0,0,311,222
20170625,ORD,57,0,0,222,122
20170625,SFO,65,0,0,200,139
20170625,DEN,42,0,0,233,94
20170626,DFW,28,0,0,311,228
20170626,ORD,55,0,0,239,122
20170626,SFO,62,0,0,228,150
20170626,DEN,47,0,0,317,122
20170627,DFW,30,130,0,333,233
20170627,ORD,30,0,0,256,100
20170627,SFO,73,0,0,189,139
20170627,DEN,38,0,0,361,150
20170628,DFW,47,0,0,328,228
20170628,ORD,68,330,0,267,144
20170628,SFO,65,0,0,189,139
20170628,DEN,51,0,0,322,111
20170629,DFW,63,0,0,339,239
20170629,ORD,51,5,0,272,189
20170629,SFO,72,0,0,189,133
20170629,DEN,47,33,0,306,122
20170630,DFW,65,0,0,356,244
20170630,ORD,29,0,0,289,178
20170630,SFO,70,0,0,183,122
20170630,DEN,26,20,0,233,111
20170701,DFW,18,305,0,289,211
20170701,ORD,47,0,0,278,189
20170701,SFO,72,0,0,189,122
20170701,DEN,31,0,0,317,106
20170702,DFW,55,0,0,356,233
20170702,ORD,43,0,0,317,167
20170702,SFO,34,0,0,233,122
20170702,DEN,41,0,0,344,144
20170703,DFW,61,0,0,344,261
20170703,ORD,39,10,0,267,189
20170703,SFO,41,0,0,261,122
20170703,DEN,43,0,0,333,117
20170704,DFW,51,84,0,339,211
20170704,ORD,33,0,0,283,178
20170704,SFO,57,0,0,222,139
20170704,DEN,48,0,0,350,161
20170705,DFW,46,18,0,344,244
20170705,ORD,26,0,0,317,183
20170705,SFO,72,0,0,194,128
20170705,DEN,47,0,0,367,167
20170706,DFW,22,251,0,350,228
20170706,ORD,32,0,0,339,206
20170706,SFO,77,0,0,228,122
20170706,DEN,55,0,0,378,194
20170707,DFW,25,0,0,356,256
20170707,ORD,38,0,0,317,172
20170707,SFO,63,0,0,272,122
20170707,DEN,46,0,0,311,172
20170708,DFW,29,38,0,361,250
20170708,ORD,30,0,0,267,167
20170708,SFO,62,0,0,261,133
20170708,DEN,40,0,0,339,161
20170709,DFW,35,0,0,339,239
20170709,ORD,37,0,0,300,172
20170709,SFO,70,0,0,211,117
20170709,DEN,39,0,0,361,172
20170710,DFW,41,0,0,350,228
20170710,ORD,30,185,0,289,194
20170710,SFO,62,0,0,200,128
20170710,DEN,34,0,0,356,161
20170711,DFW,53,0,0,356,256
20170711,ORD,25,142,0,294,211
20170711,SFO,55,0,0,228,128
20170711,DEN,49,0,0,356,183
20170712,DFW,51,0,0,350,261
20170712,ORD,47,450,0,272,200
20170712,SFO,55,0,0,211,133
20170712,DEN,42,3,0,278,172
20170713,DFW,42,0,0,356,261
20170713,ORD,47,0,0,283,222
20170713,SFO,53,0,0,211,122
20170713,DEN,39,0,0,306,139
20170714,DFW,33,0,0,378,261
20170714,ORD,39,0,0,228,172
20170714,SFO,57,0,0,239,128
20170714,DEN,44,0,0,328,133
20170715,DFW,28,10,0,344,261
20170715,ORD,26,0,0,272,156
20170715,SFO,51,0,0,294,128
20170715,DEN,43,25,0,256,156
20170716,DFW,24,0,0,361,250
20170716,ORD,52,0,0,256,156
20170716,SFO,59,0,0,289,150
20170716,DEN,31,0,0,306,122
20170717,DFW,31,0,0,350,256
20170717,ORD,28,0,0,261,133
20170717,SFO,76,0,0,222,139
20170717,DEN,43,0,0,361,150
20170718,DFW,32,0,0,356,261
20170718,ORD,18,0,0,317,156
20170718,SFO,70,0,0,194,128
20170718,DEN,49,0,0,350,183
20170719,DFW,38,0,0,367,267
20170719,ORD,34,122,0,311,211
20170719,SFO,68,0,0,211,122
20170719,DEN,45,0,0,378,189
20170720,DFW,38,0,0,378,267
20170720,ORD,35,450,0,311,206
20170720,SFO,69,0,0,200,133
20170720,DEN,42,3,0,350,183
20170721,DFW,44,0,0,378,272
20170721,ORD,31,363,0,317,222
20170721,SFO,70,0,0,211,128
20170721,DEN,42,38,0,356,167
20170722,DFW,44,0,0,383,267
20170722,ORD,38,168,0,311,222
20170722,SFO,41,0,0,267,128
20170722,DEN,36,0,0,328,161
20170723,DFW,51,221,0,383,228
20170723,ORD,26,53,0,322,211
20170723,SFO,62,0,0,211,133
20170723,DEN,47,0,0,328,172
20170724,DFW,36,119,0,333,228
20170724,ORD,49,0,0,233,189
20170724,SFO,42,0,0,233,128
20170724,DEN,57,0,0,372,194
20170725,DFW,48,0,0,356,256
20170725,ORD,36,0,0,278,161
20170725,SFO,37,0,0,250,172
20170725,DEN,45,18,0,350,200
20170726,DFW,52,0,0,367,267
20170726,ORD,32,8,0,294,183
20170726,SFO,62,0,0,228,139
20170726,DEN,38,33,0,283,178
20170727,DFW,46,0,0,372,267
20170727,ORD,50,0,0,278,211
20170727,SFO,56,0,0,244,139
20170727,DEN,48,0,0,311,156
20170728,DFW,41,0,0,389,283
20170728,ORD,62,0,0,261,194
20170728,SFO,70,0,0,194,139
20170728,DEN,47,0,0,339,178
20170729,DFW,33,0,0,372,261
20170729,ORD,44,0,0,261,178
20170729,SFO,59,0,0,200,139
20170729,DEN,36,0,0,267,178
20170730,DFW,38,0,0,344,261
20170730,ORD,23,0,0,289,167
20170730,SFO,50,0,0,217,139
20170730,DEN,41,0,0,289,150
20170731,DFW,28,0,0,339,228
20170731,ORD,13,0,0,300,183
20170731,SFO,58,0,0,206,128
20170731,DEN,47,0,0,306,144
20170801,DFW,28,10,0,328,239
20170801,ORD,24,234,0,300,194
20170801,SFO,55,0,0,239,122
20170801,DEN,41,0,0,311,150
20170802,DFW,19,109,0,272,228
20170802,ORD,31,0,0,306,189
20170802,SFO,51,0,0,267,133
20170802,DEN,53,0,0,322,167
20170803,DFW,19,0,0,344,239
20170803,ORD,41,224,0,289,161
20170803,SFO,41,0,0,256,161
20170803,DEN,41,46,0,194,111
20170804,DFW,20,0,0,356,239
20170804,ORD,62,0,0,200,133
20170804,SFO,56,0,0,244,156
20170804,DEN,31,3,0,333,106
20170805,DFW,55,0,0,361,244
20170805,ORD,33,0,0,267,156
20170805,SFO,66,0,0,228,150
20170805,DEN,44,157,0,300,139
20170806,DFW,60,10,0,372,256
20170806,ORD,18,0,0,250,172
20170806,SFO,67,0,0,217,161
20170806,DEN,36,0,0,244,117
20170807,DFW,37,0,0,344,239
20170807,ORD,35,0,0,244,161
20170807,SFO,60,0,0,217,161
20170807,DEN,37,229,0,200,133
20170808,DFW,43,3,0,328,239
20170808,ORD,25,0,0,289,144
20170808,SFO,58,0,0,217,156
20170808,DEN,35,0,0,250,139
20170809,DFW,27,0,0,344,233
20170809,ORD,23,0,0,283,161
20170809,SFO,66,0,0,194,150
20170809,DEN,35,0,0,267,139
20170810,DFW,25,0,0,378,239
20170810,ORD,37,8,0,289,167
20170810,SFO,68,0,0,217,150
20170810,DEN,34,0,0,256,117
20170811,DFW,39,0,0,378,272
20170811,ORD,42,0,0,256,183
20170811,SFO,65,0,0,217,144
20170811,DEN,37,0,0,278,117
20170812,DFW,34,452,0,367,244
20170812,ORD,33,0,0,250,156
20170812,SFO,63,0,0,228,156
20170812,DEN,41,0,0,306,139
20170813,DFW,22,74,0,333,250
20170813,ORD,18,0,0,267,139
20170813,SFO,66,0,0,222,156
20170813,DEN,36,0,0,306,133
20170814,DFW,41,157,0,339,233
20170814,ORD,19,0,0,283,167
20170814,SFO,59,0,0,172,150
20170814,DEN,41,3,0,322,139
20170815,DFW,51,0,0,350,267
20170815,ORD,34,0,0,289,200
20170815,SFO,58,0,0,228,150
20170815,DEN,44,36,0,294,133
20170816,DFW,67,0,0,356,272
20170816,ORD,36,43,0,311,194
20170816,SFO,35,0,0,239,156
20170816,DEN,33,0,0,244,139
20170817,DFW,43,43,0,339,228
20170817,ORD,64,5,0,278,222
20170817,SFO,51,0,0,222,156
20170817,DEN,50,0,0,306,128
20170818,DFW,23,0,0,339,239
20170818,ORD,49,0,0,278,194
20170818,SFO,54,0,0,222,150
20170818,DEN,30,0,0,317,133
20170819,DFW,33,0,0,378,256
20170819,ORD,22,0,0,300,172
20170819,SFO,29,0,0,244,150
20170819,DEN,47,0,0,350,161
20170820,DFW,45,0,0,367,272
20170820,ORD,26,0,0,322,172
20170820,SFO,43,0,0,222,161
20170820,DEN,41,0,0,317,156
20170821,DFW,41,0,0,350,261
20170821,ORD,38,8,0,306,217
20170821,SFO,43,0,0,239,161
20170821,DEN,48,0,0,306,161
20170822,DFW,36,0,0,372,261
20170822,ORD,60,5,0,278,178
20170822,SFO,68,0,0,228,156
20170822,DEN,49,0,0,311,133
20170823,DFW,32,0,0,328,244
20170823,ORD,41,0,0,261,156
20170823,SFO,51,0,0,211,150
20170823,DEN,49,0,0,328,150
20170824,DFW,34,86,0,322,244
20170824,ORD,38,0,0,239,133
20170824,SFO,51,0,0,211,144
20170824,DEN,43,0,0,311,133
20170825,DFW,49,3,0,311,250
20170825,ORD,24,0,0,233,111
20170825,SFO,57,0,0,206,128
20170825,DEN,42,0,0,322,144
20170826,DFW,44,13,0,283,239
20170826,ORD,32,0,0,256,133
20170826,SFO,51,0,0,272,117
20170826,DEN,38,0,0,339,150
20170827,DFW,36,117,0,289,233
20170827,ORD,38,3,0,256,167
20170827,SFO,58,0,0,250,156
20170827,DEN,36,0,0,300,167
20170828,DFW,47,0,0,311,228
20170828,ORD,26,91,0,267,178
20170828,SFO,72,0,0,228,144
20170828,DEN,42,0,0,322,150
20170829,DFW,56,0,0,322,217
20170829,ORD,24,18,0,244,161
20170829,SFO,67,0,0,194,144
20170829,DEN,44,0,0,339,172
20170830,DFW,59,0,0,322,217
20170830,ORD,25,0,0,278,156
20170830,SFO,61,0,0,206,133
20170830,DEN,53,0,0,333,133
20170831,DFW,50,0,0,322,217
20170831,ORD,60,0,0,228,178
20170831,SFO,31,0,0,311,133
20170831,DEN,43,0,0,317,161
20170901,DFW,13,0,0,333,211
20170901,ORD,53,0,0,206,100
20170901,SFO,23,0,0,400,194
20170901,DEN,45,0,0,306,150
20170902,DFW,23,0,0,356,222
20170902,ORD,21,64,0,239,100
20170902,SFO,23,0,0,400,222
20170902,DEN,39,0,0,322,144
20170903,DFW,35,0,0,356,228
20170903,ORD,33,0,0,289,139
20170903,SFO,36,0,0,300,200
20170903,DEN,47,0,0,361,161
20170904,DFW,36,0,0,350,233
20170904,ORD,57,0,0,278,167
20170904,SFO,26,0,0,289,200
20170904,DEN,55,0,0,344,133
20170905,DFW,52,0,0,328,228
20170905,ORD,56,0,0,211,122
20170905,SFO,34,0,0,283,156
20170905,DEN,35,0,0,217,94
20170906,DFW,43,0,0,294,183
20170906,ORD,46,0,0,194,94
20170906,SFO,37,0,0,256,178
20170906,DEN,35,0,0,272,100
20170907,DFW,26,0,0,300,161
20170907,ORD,38,0,0,217,111
20170907,SFO,37,0,0,222,167
20170907,DEN,28,0,0,300,128
20170908,DFW,30,0,0,294,167
20170908,ORD,33,0,0,206,144
20170908,SFO,52,0,0,222,156
20170908,DEN,34,0,0,294,128
20170909,DFW,28,0,0,306,183
20170909,ORD,37,0,0,222,122
20170909,SFO,42,0,0,239,161
20170909,DEN,40,0,0,333,144
20170910,DFW,31,0,0,306,178
20170910,ORD,28,0,0,211,100
20170910,SFO,35,0,0,333,161
20170910,DEN,35,0,0,322,167
20170911,DFW,31,0,0,300,189
20170911,ORD,21,0,0,239,111
20170911,SFO,40,56,0,300,194
20170911,DEN,43,0,0,311,144
20170912,DFW,37,0,0,294,156
20170912,ORD,31,0,0,250,122
20170912,SFO,31,0,0,294,183
20170912,DEN,39,0,0,333,150
20170913,DFW,24,0,0,328,167
20170913,ORD,29,0,0,250,144
20170913,SFO,37,0,0,233,172
20170913,DEN,44,0,0,328,161
20170914,DFW,44,0,0,367,183
20170914,ORD,23,0,0,272,150
20170914,SFO,69,0,0,217,156
20170914,DEN,46,0,0,322,156
20170915,DFW,59,0,0,350,233
20170915,ORD,42,0,0,306,167
20170915,SFO,62,0,0,222,144
20170915,DEN,44,0,0,289,100
20170916,DFW,52,0,0,350,233
20170916,ORD,38,0,0,311,183
20170916,SFO,45,0,0,222,133
20170916,DEN,43,0,0,211,78
20170917,DFW,37,0,0,356,233
20170917,ORD,34,0,0,300,172
20170917,SFO,52,0,0,228,133
20170917,DEN,38,5,0,233,78
20170918,DFW,26,0,0,350,228
20170918,ORD,34,0,0,250,144
20170918,SFO,74,0,0,228,156
20170918,DEN,46,0,0,278,94
20170919,DFW,58,0,0,367,244
20170919,ORD,29,18,0,261,178
20170919,SFO,70,0,0,228,144
20170919,DEN,63,0,0,317,56
20170920,DFW,74,0,0,372,256
20170920,ORD,48,0,0,333,167
20170920,SFO,59,0,0,217,150
20170920,DEN,69,0,0,267,44
20170921,DFW,62,0,0,361,256
20170921,ORD,26,0,0,344,222
20170921,SFO,95,0,0,194,133
20170921,DEN,72,0,0,333,139
20170922,DFW,53,0,0,350,239
20170922,ORD,31,0,0,344,217
20170922,SFO,48,0,0,211,139
20170922,DEN,55,0,0,300,94
20170923,DFW,41,0,0,356,228
20170923,ORD,27,0,0,350,222
20170923,SFO,41,0,0,250,122
20170923,DEN,43,211,0,122,67
20170924,DFW,47,0,0,344,233
20170924,ORD,28,0,0,339,211
20170924,SFO,38,0,0,261,122
20170924,DEN,36,13,0,100,72
20170925,DFW,47,0,0,339,222
20170925,ORD,29,0,0,333,194
20170925,SFO,33,0,0,278,133
20170925,DEN,35,10,0,128,61
20170926,DFW,26,0,0,328,250
20170926,ORD,43,0,0,333,211
20170926,SFO,29,0,0,311,150
20170926,DEN,28,0,0,172,67
20170927,DFW,50,43,0,333,222
20170927,ORD,53,0,0,222,133
20170927,SFO,30,0,0,306,167
20170927,DEN,34,15,0,128,94
20170928,DFW,51,41,0,261,206
20170928,ORD,30,0,0,233,117
20170928,SFO,52,0,0,272,144
20170928,DEN,43,66,0,167,83
20170929,DFW,30,36,0,222,194
20170929,ORD,47,0,0,211,133
20170929,SFO,78,0,0,200,139
20170929,DEN,34,0,0,194,56
20170930,DFW,29,0,0,300,183
20170930,ORD,34,0,0,200,117
20170930,SFO,61,0,0,222,139
20170930,DEN,43,0,0,222,67
20171001,DFW,27,0,0,317,189
20171001,ORD,46,0,0,222,89
20171001,SFO,52,0,0,228,133
20171001,DEN,52,48,0,239,72
20171002,DFW,56,0,0,339,200
20171002,ORD,56,0,0,283,144
20171002,SFO,59,0,0,233,122
20171002,DEN,43,48,0,83,28
20171003,DFW,45,84,0,322,233
20171003,ORD,66,0,0,256,194
20171003,SFO,51,0,0,228,117
20171003,DEN,37,0,0,161,11
20171004,DFW,37,3,0,311,239
20171004,ORD,34,8,0,244,144
20171004,SFO,38,0,0,244,111
20171004,DEN,48,0,0,228,100
20171005,DFW,24,0,0,317,206
20171005,ORD,26,3,0,250,122
20171005,SFO,36,0,0,261,100
20171005,DEN,37,0,0,183,106
20171006,DFW,49,0,0,322,211
20171006,ORD,39,76,0,206,156
20171006,SFO,33,0,0,289,117
20171006,DEN,46,0,0,189,72
20171007,DFW,46,0,0,317,183
20171007,ORD,79,109,0,261,156
20171007,SFO,59,0,0,250,122
20171007,DEN,54,0,0,256,72
20171008,DFW,22,0,0,328,144
20171008,ORD,32,0,0,256,122
20171008,SFO,35,0,0,261,117
20171008,DEN,65,53,0,194,6
20171009,DFW,60,0,0,356,189
20171009,ORD,25,0,0,272,111
20171009,SFO,34,0,0,261,156
20171009,DEN,48,89,71,22,-16
20171010,DFW,75,20,0,222,128
20171010,ORD,62,198,0,172,144
20171010,SFO,44,0,0,244,117
20171010,DEN,46,0,0,150,-16
20171011,DFW,21,0,0,244,100
20171011,ORD,57,201,0,167,133
20171011,SFO,41,0,0,189,106
20171011,DEN,30,0,0,222,-16
20171012,DFW,25,0,0,311,150
20171012,ORD,30,0,0,156,133
20171012,SFO,40,0,0,206,100
20171012,DEN,45,0,0,256,50
20171013,DFW,44,0,0,339,194
20171013,ORD,36,0,0,228,128
20171013,SFO,31,0,0,228,100
20171013,DEN,36,0,0,183,17
20171014,DFW,57,0,0,339,222
20171014,ORD,39,1064,0,189,167
20171014,SFO,16,0,0,250,111
20171014,DEN,64,0,0,139,-27
20171015,DFW,74,33,0,267,133
20171015,ORD,70,51,0,200,83
20171015,SFO,13,0,0,272,111
20171015,DEN,33,0,0,178,-43
20171016,DFW,29,0,0,233,94
20171016,ORD,33,0,0,172,61
20171016,SFO,9,0,0,283,133
20171016,DEN,47,0,0,256,39
20171017,DFW,23,0,0,250,100
20171017,ORD,53,0,0,211,94
20171017,SFO,35,0,0,256,100
20171017,DEN,43,0,0,250,50
20171018,DFW,38,0,0,289,94
20171018,ORD,57,0,0,217,83
20171018,SFO,46,0,0,172,89
20171018,DEN,47,0,0,250,72
20171019,DFW,38,0,0,283,150
20171019,ORD,29,0,0,211,106
20171019,SFO,47,48,0,194,122
20171019,DEN,37,0,0,239,56
20171020,DFW,55,0,0,289,167
20171020,ORD,40,0,0,256,106
20171020,SFO,57,5,0,178,122
20171020,DEN,50,0,0,250,78
20171021,DFW,68,81,0,322,172
20171021,ORD,67,0,0,250,156
20171021,SFO,40,0,0,200,106
20171021,DEN,61,0,0,117,-10
20171022,DFW,49,307,0,244,111
20171022,ORD,59,94,0,211,106
20171022,SFO,27,0,0,228,111
20171022,DEN,50,0,0,211,11
20171023,DFW,42,0,0,289,94
20171023,ORD,41,185,0,122,100
20171023,SFO,10,0,0,283,133
20171023,DEN,43,0,0,172,11
20171024,DFW,64,0,0,233,128
20171024,ORD,56,221,0,100,56
20171024,SFO,17,0,0,328,178
20171024,DEN,30,0,0,167,-43
20171025,DFW,38,0,0,278,72
20171025,ORD,27,0,0,117,33
20171025,SFO,19,0,0,283,167
20171025,DEN,59,0,0,289,83
20171026,DFW,65,0,0,300,106
20171026,ORD,52,0,0,156,22
20171026,SFO,19,0,0,300,161
20171026,DEN,67,0,0,150,-38
20171027,DFW,90,0,0,200,39
20171027,ORD,70,0,0,111,33
20171027,SFO,39,0,0,267,122
20171027,DEN,29,0,0,50,-105
20171028,DFW,42,0,0,161,11
20171028,ORD,47,0,0,44,22
20171028,SFO,51,0,0,194,111
20171028,DEN,36,0,0,144,39
20171029,DFW,49,0,0,267,22
20171029,ORD,36,0,0,78,6
20171029,SFO,34,0,0,172,117
20171029,DEN,61,0,0,228,39
20171030,DFW,46,0,0,250,72
20171030,ORD,73,0,0,100,28
20171030,SFO,57,0,0,167,128
20171030,DEN,40,5,0,33,-16
20171031,DFW,34,10,0,156,89
20171031,ORD,51,0,0,44,11
20171031,SFO,29,0,0,189,111
20171031,DEN,41,0,0,111,-32
20171101,DFW,51,0,0,272,117
20171101,ORD,44,58,0,67,22
20171101,SFO,33,0,0,194,100
20171101,DEN,48,0,0,200,44
20171102,DFW,60,0,0,344,178
20171102,ORD,24,5,0,106,67
20171102,SFO,24,0,0,189,100
20171102,DEN,33,0,0,83,-27
20171103,DFW,31,0,0,222,122
20171103,ORD,47,0,0,89,33
20171103,SFO,41,8,0,200,144
20171103,DEN,23,0,0,150,-43
20171104,DFW,58,0,0,322,139
20171104,ORD,35,122,0,100,56
20171104,SFO,47,114,0,161,100
20171104,DEN,75,0,0,222,0
20171105,DFW,67,0,0,344,211
20171105,ORD,35,5,0,111,56
20171105,SFO,36,0,0,156,78
20171105,DEN,44,0,0,111,-27
20171106,DFW,40,0,0,239,139
20171106,ORD,41,0,0,61,0
20171106,SFO,25,0,0,172,106
20171106,DEN,34,0,0,72,-21
20171107,DFW,58,0,0,178,106
20171107,ORD,42,0,0,72,0
20171107,SFO,16,0,0,178,78
20171107,DEN,28,10,0,22,-43
20171108,DFW,55,206,0,106,78
20171108,ORD,20,0,0,78,-16
20171108,SFO,43,33,0,183,111
20171108,DEN,32,0,0,161,-38
20171109,DFW,20,0,0,139,78
20171109,ORD,61,0,0,78,-60
20171109,SFO,28,8,0,200,150
20171109,DEN,35,0,0,94,-49
20171110,DFW,25,0,0,183,61
20171110,ORD,38,0,3,-10,-77
20171110,SFO,30,3,0,183,128
20171110,DEN,23,0,0,156,-43
20171111,DFW,54,0,0,217,139
20171111,ORD,40,0,0,33,-32
20171111,SFO,23,0,0,178,122
20171111,DEN,41,0,0,156,-10
20171112,DFW,30,0,0,222,161
20171112,ORD,20,33,0,44,22
20171112,SFO,15,0,0,172,100
20171112,DEN,42,0,0,150,-55
20171113,DFW,37,0,0,206,122
20171113,ORD,27,0,0,44,-5
20171113,SFO,28,0,0,194,128
20171113,DEN,35,0,0,228,28
20171114,DFW,60,0,0,267,167
20171114,ORD,48,0,0,94,-10
20171114,SFO,28,0,0,178,111
20171114,DEN,42,0,0,200,0
20171115,DFW,44,0,0,239,183
20171115,ORD,70,43,0,111,17
20171115,SFO,38,30,0,183,122
20171115,DEN,48,0,0,150,-55
20171116,DFW,30,0,0,233,167
20171116,ORD,44,0,0,33,6
20171116,SFO,36,406,0,172,117
20171116,DEN,46,0,0,233,-16
20171117,DFW,84,0,0,294,206
20171117,ORD,61,36,0,89,17
20171117,SFO,37,3,0,161,106
20171117,DEN,79,58,0,200,28
20171118,DFW,81,0,0,239,89
20171118,ORD,68,137,0,89,17
20171118,SFO,18,0,0,167,61
20171118,DEN,48,0,0,72,-43
20171119,DFW,21,0,0,172,33
20171119,ORD,59,0,0,28,-10
20171119,SFO,13,0,0,150,78
20171119,DEN,43,0,0,161,-49
20171120,DFW,45,0,0,194,50
20171120,ORD,80,0,0,111,-10
20171120,SFO,14,0,0,172,128
20171120,DEN,54,0,0,206,-10
20171121,DFW,48,0,0,217,89
20171121,ORD,67,5,0,67,-27
20171121,SFO,23,0,0,189,128
20171121,DEN,43,5,0,128,-10
20171122,DFW,48,0,0,133,50
20171122,ORD,33,0,0,17,-55
20171122,SFO,16,0,0,200,122
20171122,DEN,35,0,0,206,-5
20171123,DFW,23,0,0,206,17
20171123,ORD,37,0,0,78,0
20171123,SFO,17,0,0,194,139
20171123,DEN,50,0,0,222,67
20171124,DFW,44,0,0,261,72
20171124,ORD,60,0,0,172,0
20171124,SFO,25,0,0,206,133
20171124,DEN,56,0,0,217,6
20171125,DFW,37,0,0,244,83
20171125,ORD,55,0,0,128,0
20171125,SFO,18,0,0,200,133
20171125,DEN,43,0,0,167,6
20171126,DFW,24,0,0,228,72
20171126,ORD,33,0,0,94,-27
20171126,SFO,51,46,0,194,117
20171126,DEN,46,0,0,233,22
20171127,DFW,54,0,0,244,100
20171127,ORD,32,0,0,139,-5
20171127,SFO,35,53,0,156,100
20171127,DEN,63,0,0,272,39
20171128,DFW,71,0,0,261,128
20171128,ORD,68,0,0,161,61
20171128,SFO,30,0,0,156,78
20171128,DEN,36,0,0,78,-21
20171129,DFW,41,0,0,189,100
20171129,ORD,32,0,0,83,11
20171129,SFO,16,0,0,178,89
20171129,DEN,43,0,0,183,-43
20171130,DFW,28,0,0,206,67
20171130,ORD,48,0,0,122,39
20171130,SFO,22,0,0,183,78
20171130,DEN,39,0,0,122,-43
20171201,DFW,30,0,0,233,78
20171201,ORD,22,0,0,117,-21
20171201,SFO,29,0,0,156,78
20171201,DEN,52,0,0,167,-5
20171202,DFW,37,0,0,261,133
20171202,ORD,19,0,0,122,6
20171202,SFO,22,3,0,144,89
20171202,DEN,42,0,0,189,-10
20171203,DFW,51,0,0,267,133
20171203,ORD,28,0,0,144,-16
20171203,SFO,46,5,0,139,94
20171203,DEN,58,0,0,194,17
20171204,DFW,72,69,0,289,139
20171204,ORD,98,41,0,183,67
20171204,SFO,61,0,0,167,106
20171204,DEN,81,0,0,106,-99
20171205,DFW,66,5,0,144,83
20171205,ORD,98,0,0,67,-27
20171205,SFO,26,0,0,189,83
20171205,DEN,43,0,0,106,-93
20171206,DFW,32,0,0,133,78
20171206,ORD,61,0,0,17,-32
20171206,SFO,26,0,0,167,56
20171206,DEN,67,0,0,33,-93
20171207,DFW,65,0,0,106,0
20171207,ORD,55,0,0,-16,-71
20171207,SFO,21,0,0,183,72
20171207,DEN,43,0,0,22,-116
20171208,DFW,21,0,0,100,-55
20171208,ORD,55,3,0,28,-77
20171208,SFO,10,0,0,167,61
20171208,DEN,57,0,0,139,17
20171209,DFW,45,0,0,161,-10
20171209,ORD,62,8,15,0,-66
20171209,SFO,13,0,0,172,61
20171209,DEN,38,0,0,161,-5
20171210,DFW,31,0,0,233,6
20171210,ORD,45,0,0,17,-66
20171210,SFO,16,0,0,172,56
20171210,DEN,45,0,0,167,11
20171211,DFW,40,0,0,261,28
20171211,ORD,44,20,36,39,-49
20171211,SFO,10,0,0,183,67
20171211,DEN,49,0,0,139,-38
20171212,DFW,56,0,0,144,50
20171212,ORD,60,0,0,-5,-82
20171212,SFO,11,0,0,156,56
20171212,DEN,44,0,0,206,-16
20171213,DFW,38,0,0,250,11
20171213,ORD,72,0,0,33,-55
20171213,SFO,20,0,0,161,50
20171213,DEN,34,0,0,106,-21
20171214,DFW,61,0,0,167,56
20171214,ORD,36,0,0,-27,-88
20171214,SFO,11,0,0,178,61
20171214,DEN,44,8,10,33,-66
20171215,DFW,38,0,0,139,22
20171215,ORD,51,0,0,28,-60
20171215,SFO,25,0,0,139,67
20171215,DEN,57,0,0,172,-55
20171216,DFW,47,185,0,172,33
20171216,ORD,35,0,0,78,-27
20171216,SFO,75,0,0,178,94
20171216,DEN,38,0,0,106,-21
20171217,DFW,28,0,0,117,72
20171217,ORD,21,0,0,56,-16
20171217,SFO,34,0,0,172,89
20171217,DEN,21,0,0,50,-55
20171218,DFW,23,0,0,122,94
20171218,ORD,51,3,0,78,39
20171218,SFO,6,0,0,161,67
20171218,DEN,31,0,0,133,-77
20171219,DFW,19,749,0,161,117
20171219,ORD,54,0,0,100,17
20171219,SFO,23,0,0,156,61
20171219,DEN,38,0,0,128,-60
20171220,DFW,24,0,0,167,100
20171220,ORD,38,0,0,28,-27
20171220,SFO,53,10,0,128,83
20171220,DEN,44,0,0,189,-16
20171221,DFW,36,0,0,256,83
20171221,ORD,40,0,0,44,0
20171221,SFO,36,0,0,133,44
20171221,DEN,52,18,18,28,-155
20171222,DFW,72,142,0,189,28
20171222,ORD,31,0,0,39,6
20171222,SFO,21,0,0,117,33
20171222,DEN,47,0,0,72,-143
20171223,DFW,37,0,0,111,17
20171223,ORD,42,0,0,6,-71
20171223,SFO,12,0,0,117,61
20171223,DEN,43,25,58,50,-138
20171224,DFW,51,0,0,83,11
20171224,ORD,40,46,46,-55,-77
20171224,SFO,13,0,0,117,83
20171224,DEN,49,0,0,-43,-199
20171225,DFW,37,0,0,89,-27
20171225,ORD,58,3,3,-60,-166
20171225,SFO,12,0,0,139,67
20171225,DEN,29,0,0,-71,-166
20171226,DFW,44,8,0,78,33
20171226,ORD,43,0,0,-149,-193
20171226,SFO,28,0,0,144,61
20171226,DEN,20,3,15,-121,-155
20171227,DFW,55,0,0,50,11
20171227,ORD,35,0,0,-138,-199
20171227,SFO,10,0,0,133,61
20171227,DEN,42,0,0,94,-171
20171228,DFW,17,0,0,61,28
20171228,ORD,35,8,15,-93,-177
20171228,SFO,8,0,0,139,61
20171228,DEN,48,0,0,78,-38
20171229,DFW,35,0,0,94,44
20171229,ORD,28,20,20,-93,-127
20171229,SFO,11,0,0,133,67
20171229,DEN,60,0,0,178,-127
20171230,DFW,47,0,0,94,17
20171230,ORD,60,0,0,-93,-182
20171230,SFO,11,0,0,150,61
20171230,DEN,37,0,0,39,-132
20171231,DFW,72,0,0,17,-49
20171231,ORD,50,0,0,-105,-182
20171231,SFO,11,0,0,139,72
20171231,DEN,38,0,0,-38,-155
20180101,DFW,51,0,0,-10,-82
20180101,ORD,48,0,0,-171,-227
20180101,SFO,8,0,0,144,72
20180101,DEN,24,0,0,-21,-160
20180102,DFW,36,0,0,-21,-60
20180102,ORD,50,0,0,-132,-227
20180102,SFO,11,0,0,150,100
20180102,DEN,36,0,0,61,-116
20180103,DFW,34,0,0,100,-71
20180103,ORD,55,0,3,-82,-143
20180103,SFO,13,76,0,144,106
20180103,DEN,48,0,0,117,-82
20180104,DFW,15,0,0,106,-27
20180104,ORD,55,0,0,-110,-177
20180104,SFO,27,8,0,172,111
20180104,DEN,37,0,0,100,-49
20180105,DFW,28,0,0,178,-5
20180105,ORD,48,0,0,-116,-182
20180105,SFO,25,48,0,178,117
20180105,DEN,26,0,0,133,-38
20180106,DFW,44,0,0,189,11
20180106,ORD,29,0,0,-82,-188
20180106,SFO,32,0,0,144,89
20180106,DEN,26,0,0,167,-32
20180107,DFW,66,46,0,167,117
20180107,ORD,67,8,0,6,-132
20180107,SFO,11,0,0,117,83
20180107,DEN,34,3,0,89,-32
20180108,DFW,46,0,0,161,50
20180108,ORD,53,0,0,28,-5
20180108,SFO,16,792,0,144,106
20180108,DEN,24,0,0,94,-43
20180109,DFW,37,0,0,122,28
20180109,ORD,27,0,0,22,-32
20180109,SFO,80,107,0,144,111
20180109,DEN,41,0,0,200,11
20180110,DFW,68,0,0,156,83
20180110,ORD,71,3,0,133,-10
20180110,SFO,41,0,0,144,106
20180110,DEN,51,43,0,139,-43
20180111,DFW,98,0,0,167,-5
20180111,ORD,73,91,0,150,-49
20180111,SFO,24,0,0,144,111
20180111,DEN,42,0,0,61,-60
20180112,DFW,64,0,0,72,-43
20180112,ORD,89,0,0,-49,-99
20180112,SFO,12,0,0,128,100
20180112,DEN,46,8,0,78,-43
20180113,DFW,39,0,0,89,-27
20180113,ORD,44,0,0,-88,-143
20180113,SFO,30,0,0,156,78
20180113,DEN,28,0,0,89,-71
20180114,DFW,34,0,0,139,-21
20180114,ORD,42,20,20,-60,-149
20180114,SFO,27,0,0,133,89
20180114,DEN,42,0,0,133,-60
20180115,DFW,70,0,0,150,-10
20180115,ORD,49,36,58,-43,-121
20180115,SFO,21,0,0,144,89
20180115,DEN,42,8,18,-10,-193
20180116,DFW,74,0,0,0,-71
20180116,ORD,53,3,15,-32,-127
20180116,SFO,21,0,0,150,128
20180116,DEN,32,0,0,11,-199
20180117,DFW,16,0,0,28,-105
20180117,ORD,55,0,0,-66,-155
20180117,SFO,17,0,0,144,111
20180117,DEN,26,0,0,106,-93
20180118,DFW,41,0,0,89,-77
20180118,ORD,67,0,0,0,-88
20180118,SFO,26,38,0,156,100
20180118,DEN,49,0,0,183,-21
20180119,DFW,64,0,0,144,28
20180119,ORD,75,0,0,44,-21
20180119,SFO,36,0,0,139,83
20180119,DEN,47,0,0,194,17
20180120,DFW,83,8,0,228,117
20180120,ORD,37,0,0,72,0
20180120,SFO,37,0,0,133,67
20180120,DEN,44,0,0,89,-27
20180121,DFW,82,142,0,250,150
20180121,ORD,17,0,0,67,22
20180121,SFO,26,0,0,139,56
20180121,DEN,84,76,145,-21,-49
20180122,DFW,75,0,0,167,72
20180122,ORD,56,206,0,122,33
20180122,SFO,40,64,0,144,106
20180122,DEN,34,0,0,67,-127
20180123,DFW,35,0,0,161,11
20180123,ORD,57,18,13,39,-21
20180123,SFO,17,0,0,139,72
20180123,DEN,38,0,0,28,-99
20180124,DFW,15,0,0,178,0
20180124,ORD,29,5,8,-10,-27
20180124,SFO,30,69,0,156,72
20180124,DEN,60,0,0,83,-77
20180125,DFW,52,0,0,206,17
20180125,ORD,43,0,0,61,-43
20180125,SFO,33,30,0,144,72
20180125,DEN,75,0,0,122,-21
20180126,DFW,57,5,0,189,106
20180126,ORD,83,0,0,106,6
20180126,SFO,22,0,0,122,56
20180126,DEN,50,0,0,44,-82
20180127,DFW,51,15,0,194,78
20180127,ORD,55,0,0,100,22
20180127,SFO,20,0,0,156,56
20180127,DEN,37,0,0,72,-88
20180128,DFW,32,0,0,194,28
20180128,ORD,39,3,0,44,-21
20180128,SFO,23,0,0,189,78
20180128,DEN,41,0,0,111,-71
20180129,DFW,54,0,0,139,33
20180129,ORD,54,0,0,-10,-82
20180129,SFO,16,0,0,161,83
20180129,DEN,30,0,0,144,-55
20180130,DFW,56,0,0,189,6
20180130,ORD,47,0,0,-5,-93
20180130,SFO,25,0,0,178,89
20180130,DEN,62,0,0,172,33
20180131,DFW,86,0,0,250,72
20180131,ORD,62,0,0,56,-5
20180131,SFO,20,0,0,183,78
20180131,DEN,40,0,0,122,-43
20180201,DFW,73,0,0,183,67
20180201,ORD,69,0,0,17,-132
20180201,SFO,20,0,0,228,106
20180201,DEN,38,5,0,11,-77
20180202,DFW,43,0,0,128,11
20180202,ORD,46,0,0,-55,-149
20180202,SFO,13,0,0,228,106
20180202,DEN,34,0,0,156,-55
20180203,DFW,61,0,0,156,44
20180203,ORD,59,8,20,50,-55
20180203,SFO,21,0,0,244,100
20180203,DEN,54,0,0,144,-5
20180204,DFW,51,0,0,194,22
20180204,ORD,60,20,28,17,-155
20180204,SFO,17,0,0,239,106
20180204,DEN,43,0,0,83,-121
20180205,DFW,30,0,0,83,-38
20180205,ORD,31,56,56,-110,-193
20180205,SFO,28,0,0,222,117
20180205,DEN,64,0,0,133,-60
20180206,DFW,53,69,0,67,6
20180206,ORD,24,5,5,-60,-160
20180206,SFO,11,0,0,239,111
20180206,DEN,32,0,0,83,-60
20180207,DFW,54,0,0,100,-5
20180207,ORD,42,28,43,-66,-132
20180207,SFO,10,0,0,222,106
20180207,DEN,43,0,0,117,-88
20180208,DFW,19,0,0,167,-10
20180208,ORD,31,38,41,-60,-138
20180208,SFO,19,0,0,233,106
20180208,DEN,62,0,0,161,17
20180209,DFW,58,0,0,228,56
20180209,ORD,48,145,157,-21,-77
20180209,SFO,36,0,0,233,106
20180209,DEN,49,0,0,89,-88
20180210,DFW,63,0,0,161,0
20180210,ORD,43,13,20,-55,-99
20180210,SFO,63,0,0,183,117
20180210,DEN,36,36,56,-82,-127
20180211,DFW,60,0,0,67,-27
20180211,ORD,45,99,94,-55,-116
20180211,SFO,60,0,0,172,67
20180211,DEN,50,0,0,61,-177
20180212,DFW,37,0,0,89,-27
20180212,ORD,28,0,0,-27,-155
20180212,SFO,49,0,0,150,83
20180212,DEN,35,0,0,-38,-99
20180213,DFW,28,0,0,89,50
20180213,ORD,28,0,0,17,-138
20180213,SFO,35,0,0,172,94
20180213,DEN,41,0,0,144,-82
20180214,DFW,50,3,0,261,72
20180214,ORD,43,0,0,67,-43
20180214,SFO,43,0,0,156,72
20180214,DEN,56,0,0,189,11
20180215,DFW,91,0,0,278,183
20180215,ORD,28,0,0,89,33
20180215,SFO,34,0,0,178,67
20180215,DEN,50,5,5,89,-88
20180216,DFW,71,0,0,217,83
20180216,ORD,45,0,0,28,-66
20180216,SFO,25,0,0,183,56
20180216,DEN,43,0,0,56,-138
20180217,DFW,31,74,0,194,61
20180217,ORD,38,28,51,17,-82
20180217,SFO,38,0,0,194,72
20180217,DEN,49,0,0,133,-43
20180218,DFW,43,5,0,194,83
20180218,ORD,48,5,0,50,-110
20180218,SFO,94,5,0,144,72
20180218,DEN,60,0,0,206,-66
20180219,DFW,94,0,0,261,194
20180219,ORD,54,132,0,156,28
20180219,SFO,70,0,0,117,61
20180219,DEN,51,28,74,-66,-160
20180220,DFW,78,528,0,233,39
20180220,ORD,59,533,0,189,11
20180220,SFO,32,0,0,117,22
20180220,DEN,30,0,0,-105,-193
20180221,DFW,68,472,0,39,11
20180221,ORD,49,10,0,11,-27
20180221,SFO,35,0,0,133,56
20180221,DEN,33,0,0,-55,-216
20180222,DFW,36,94,0,56,11
20180222,ORD,59,0,0,44,-16
20180222,SFO,85,5,0,128,72
20180222,DEN,28,5,23,-32,-132
20180223,DFW,24,122,0,106,44
20180223,ORD,42,15,0,67,6
20180223,SFO,45,0,0,122,39
20180223,DEN,38,0,0,17,-132
20180224,DFW,37,297,0,183,83
20180224,ORD,59,41,0,100,6
20180224,SFO,51,0,0,139,39
20180224,DEN,66,0,0,22,-93
20180225,DFW,27,0,0,206,50
20180225,ORD,80,3,0,100,11
20180225,SFO,42,0,0,150,44
20180225,DEN,56,0,0,50,-93
20180226,DFW,27,0,0,211,61
20180226,ORD,39,0,0,117,-21
20180226,SFO,60,48,0,122,72
20180226,DEN,35,0,0,139,-77
20180227,DFW,32,10,0,189,94
20180227,ORD,62,0,0,167,39
20180227,SFO,50,0,0,144,67
20180227,DEN,34,0,0,133,-60
20180228,DFW,43,1199,0,217,167
20180228,ORD,50,0,0,150,28
20180228,SFO,42,41,0,133,50
20180228,DEN,36,0,0,100,-60
20180301,DFW,51,13,0,178,83
20180301,ORD,65,206,0,78,11
20180301,SFO,89,264,0,150,89
20180301,DEN,46,0,0,150,-77
20180302,DFW,31,0,0,222,61
20180302,ORD,28,0,0,89,-10
20180302,SFO,40,46,0,133,72
20180302,DEN,61,0,0,211,-32
20180303,DFW,49,0,0,239,100
20180303,ORD,35,0,0,61,6
20180303,SFO,36,13,0,117,56
20180303,DEN,54,0,0,217,56
20180304,DFW,50,5,0,222,172
20180304,ORD,55,0,0,78,0
20180304,SFO,22,0,0,128,44
20180304,DEN,92,0,0,200,-10
20180305,DFW,68,0,0,228,106
20180305,ORD,78,28,10,44,6
20180305,SFO,25,0,0,161,50
20180305,DEN,107,0,0,56,-38
20180306,DFW,57,0,0,206,50
20180306,ORD,39,18,0,50,-5
20180306,SFO,15,0,0,183,72
20180306,DEN,34,0,0,78,-93
20180307,DFW,37,0,0,167,33
20180307,ORD,61,0,0,11,-38
20180307,SFO,29,3,0,211,111
20180307,DEN,44,0,0,106,-105
20180308,DFW,37,0,0,222,61
20180308,ORD,50,0,0,11,-43
20180308,SFO,43,3,0,183,100
20180308,DEN,30,0,0,178,-43
20180309,DFW,84,0,0,256,111
20180309,ORD,29,0,0,50,-49
20180309,SFO,41,0,0,183,94
20180309,DEN,55,0,0,183,-5
20180310,DFW,36,0,0,294,172
20180310,ORD,25,0,0,50,-49
20180310,SFO,26,0,0,139,94
20180310,DEN,59,0,0,111,-43
20180311,DFW,85,0,0,211,100
20180311,ORD,37,0,0,44,-21
20180311,SFO,23,0,0,194,78
20180311,DEN,29,0,0,94,-88
20180312,DFW,39,0,0,178,50
20180312,ORD,51,0,0,78,-10
20180312,SFO,30,28,0,211,100
20180312,DEN,41,0,0,139,-49
20180313,DFW,42,0,0,183,78
20180313,ORD,48,56,56,17,-71
20180313,SFO,42,66,0,167,106
20180313,DEN,47,0,0,144,-32
20180314,DFW,29,0,0,217,28
20180314,ORD,49,0,0,89,-55
20180314,SFO,44,20,0,150,94
20180314,DEN,38,0,0,194,-10
20180315,DFW,82,0,0,261,94
20180315,ORD,41,0,0,100,-21
20180315,SFO,52,36,0,150,67
20180315,DEN,59,10,0,194,11
20180316,DFW,68,0,0,306,167
20180316,ORD,49,0,0,33,-16
20180316,SFO,44,38,0,133,83
20180316,DEN,57,0,0,133,-21
20180317,DFW,34,147,0,272,122
20180317,ORD,45,0,0,78,-10
20180317,SFO,26,0,0,133,78
20180317,DEN,60,0,0,178,-38
20180318,DFW,29,0,0,272,156
20180318,ORD,21,0,0,139,-27
20180318,SFO,19,0,0,133,50
20180318,DEN,57,84,18,111,-5
20180319,DFW,80,0,0,239,111
20180319,ORD,68,0,0,78,6
20180319,SFO,21,0,0,167,67
20180319,DEN,55,0,0,78,-27
20180320,DFW,60,0,0,200,78
20180320,ORD,76,0,0,28,-16
20180320,SFO,25,107,0,144,117
20180320,DEN,52,0,0,111,-38
20180321,DFW,30,0,0,239,78
20180321,ORD,47,0,0,44,-38
20180321,SFO,45,33,0,183,128
20180321,DEN,28,0,0,167,-32
20180322,DFW,71,0,0,272,100
20180322,ORD,31,0,0,100,-55
20180322,SFO,91,140,0,161,94
20180322,DEN,44,0,0,228,22
20180323,DFW,91,0,0,256,167
20180323,ORD,41,0,0,61,-38
20180323,SFO,34,0,0,150,78
20180323,DEN,62,0,0,222,33
20180324,DFW,48,0,0,317,183
20180324,ORD,78,0,0,44,0
20180324,SFO,37,33,0,139,89
20180324,DEN,59,0,0,200,-10
20180325,DFW,50,0,0,256,172
20180325,ORD,63,0,0,50,-27
20180325,SFO,53,15,0,139,72
20180325,DEN,58,0,0,189,-5
20180326,DFW,81,0,0,311,211
20180326,ORD,43,58,0,117,-5
20180326,SFO,49,0,0,167,72
20180326,DEN,41,69,38,128,0
20180327,DFW,40,439,0,222,144
20180327,ORD,42,38,0,106,39
20180327,SFO,40,0,0,222,94
20180327,DEN,47,13,15,83,-43
20180328,DFW,29,132,0,194,122
20180328,ORD,20,3,0,122,39
20180328,SFO,28,0,0,250,106
20180328,DEN,41,79,51,78,-10
20180329,DFW,38,0,0,233,117
20180329,ORD,40,13,0,100,17
20180329,SFO,28,0,0,272,111
20180329,DEN,49,5,0,83,-43
20180330,DFW,34,0,0,222,89
20180330,ORD,35,0,0,94,6
20180330,SFO,34,0,0,261,128
20180330,DEN,33,0,0,172,-38
20180331,DFW,69,0,0,267,106
20180331,ORD,71,23,0,144,0
20180331,SFO,48,0,0,178,106
20180331,DEN,63,0,0,150,-49
20180401,DFW,63,0,0,228,67
20180401,ORD,35,0,0,17,-43
20180401,SFO,52,0,0,194,100
20180401,DEN,40,0,0,122,-49
20180402,DFW,29,0,0,161,56
20180402,ORD,31,0,0,67,-60
20180402,SFO,79,0,0,172,106
20180402,DEN,47,0,0,233,-16
20180403,DFW,93,38,0,294,106
20180403,ORD,54,51,0,44,11
20180403,SFO,45,0,0,183,89
20180403,DEN,60,0,0,89,-27
20180404,DFW,45,0,0,178,61
20180404,ORD,68,3,5,17,-32
20180404,SFO,42,0,0,172,111
20180404,DEN,36,0,0,167,-43
20180405,DFW,63,0,0,244,78
20180405,ORD,33,18,0,56,-49
20180405,SFO,30,28,0,172,111
20180405,DEN,42,0,0,183,6
20180406,DFW,76,13,0,306,94
20180406,ORD,64,0,0,33,-38
20180406,SFO,52,282,0,178,139
20180406,DEN,65,13,0,61,-60
20180407,DFW,75,0,0,94,11
20180407,ORD,40,0,0,39,-66
20180407,SFO,55,163,0,178,117
20180407,DEN,41,0,0,144,-55
20180408,DFW,28,0,0,133,17
20180408,ORD,31,3,0,39,-60
20180408,SFO,51,0,0,178,111
20180408,DEN,67,8,0,178,44
20180409,DFW,36,0,0,211,61
20180409,ORD,27,33,51,39,-10
20180409,SFO,33,0,0,239,100
20180409,DEN,36,28,0,128,6
20180410,DFW,34,0,0,222,78
20180410,ORD,38,0,0,78,-21
20180410,SFO,49,0,0,183,117
20180410,DEN,47,0,0,217,0
20180411,DFW,75,0,0,272,94
20180411,ORD,44,13,0,189,39
20180411,SFO,57,56,0,183,106
20180411,DEN,65,0,0,261,78
20180412,DFW,109,0,0,278,167
20180412,ORD,63,8,0,228,56
20180412,SFO,69,0,0,172,89
20180412,DEN,62,13,0,261,28
20180413,DFW,98,3,0,311,178
20180413,ORD,59,18,0,83,39
20180413,SFO,41,0,0,189,78
20180413,DEN,119,13,0,67,-10
20180414,DFW,101,0,0,178,67
20180414,ORD,94,244,0,39,22
20180414,SFO,48,0,0,217,106
20180414,DEN,88,0,0,133,-27
20180415,DFW,68,0,0,183,33
20180415,ORD,61,188,5,28,-21
20180415,SFO,47,13,0,178,100
20180415,DEN,34,0,0,161,-32
20180416,DFW,55,0,0,278,44
20180416,ORD,67,3,8,17,-27
20180416,SFO,55,28,0,139,89
20180416,DEN,45,0,0,228,11
20180417,DFW,98,0,0,306,144
20180417,ORD,50,0,0,61,-16
20180417,SFO,37,0,0,172,72
20180417,DEN,108,0,0,228,11
20180418,DFW,72,0,0,261,122
20180418,ORD,52,104,10,28,-10
20180418,SFO,45,0,0,156,106
20180418,DEN,43,0,0,133,-38
20180419,DFW,50,0,0,211,94
20180419,ORD,44,3,3,128,-5
20180419,SFO,65,0,0,172,89
20180419,DEN,92,0,0,206,-27
20180420,DFW,60,0,0,211,89
20180420,ORD,22,0,0,161,-5
20180420,SFO,50,0,0,194,94
20180420,DEN,75,33,0,156,6
20180421,DFW,57,114,0,183,111
20180421,ORD,17,0,0,128,39
20180421,SFO,51,0,0,239,100
20180421,DEN,35,86,33,39,-5
20180422,DFW,66,0,0,206,106
20180422,ORD,47,0,0,167,56
20180422,SFO,47,0,0,244,94
20180422,DEN,31,0,0,183,-5
20180423,DFW,44,0,0,244,106
20180423,ORD,53,0,0,172,61
20180423,SFO,50,0,0,233,111
20180423,DEN,47,0,0,228,33
20180424,DFW,20,0,0,289,117
20180424,ORD,38,0,0,183,89
20180424,SFO,50,0,0,189,117
20180424,DEN,43,25,5,44,0
20180425,DFW,60,28,0,217,100
20180425,ORD,62,0,0,117,33
20180425,SFO,48,0,0,183,106
20180425,DEN,32,0,0,189,-5
20180426,DFW,29,0,0,228,83
20180426,ORD,17,0,0,189,22
20180426,SFO,57,0,0,172,111
20180426,DEN,66,0,0,150,22
20180427,DFW,35,0,0,267,133
20180427,ORD,62,5,0,144,39
20180427,SFO,43,0,0,194,122
20180427,DEN,44,0,0,228,11
20180428,DFW,17,0,0,294,100
20180428,ORD,55,0,0,100,6
20180428,SFO,48,0,0,189,128
20180428,DEN,55,0,0,267,56
20180429,DFW,48,0,0,294,144
20180429,ORD,30,0,0,150,-5
20180429,SFO,81,0,0,178,122
20180429,DEN,64,0,0,283,100
20180430,DFW,72,0,0,278,150
20180430,ORD,56,0,0,267,44
20180430,SFO,75,0,0,172,111
20180430,DEN,45,0,0,228,78
20180501,DFW,79,0,0,267,200
20180501,ORD,69,0,0,300,156
20180501,SFO,56,0,0,194,100
20180501,DEN,53,0,0,206,50
20180502,DFW,81,3,0,306,217
20180502,ORD,55,335,0,300,172
20180502,SFO,41,0,0,194,111
20180502,DEN,39,114,0,111,44
20180503,DFW,61,163,0,256,189
20180503,ORD,32,145,0,211,122
20180503,SFO,58,0,0,189,111
20180503,DEN,66,124,0,111,44
20180504,DFW,35,185,0,228,167
20180504,ORD,64,0,0,233,161
20180504,SFO,62,0,0,206,111
20180504,DEN,44,0,0,206,50
20180505,DFW,36,0,0,278,144
20180505,ORD,38,0,0,278,139
20180505,SFO,65,0,0,161,117
20180505,DEN,42,0,0,239,89
20180506,DFW,22,0,0,311,144
20180506,ORD,44,0,0,200,100
20180506,SFO,67,0,0,183,117
20180506,DEN,38,0,0,267,83
20180507,DFW,34,0,0,333,167
20180507,ORD,25,0,0,239,78
20180507,SFO,65,0,0,217,122
20180507,DEN,37,0,0,267,94
20180508,DFW,65,0,0,322,194
20180508,ORD,31,0,0,272,139
20180508,SFO,55,0,0,211,122
20180508,DEN,34,0,0,250,89
20180509,DFW,67,0,0,311,194
20180509,ORD,60,64,0,272,139
20180509,SFO,91,0,0,194,133
20180509,DEN,31,0,0,267,78
20180510,DFW,74,0,0,306,183
20180510,ORD,41,0,0,228,100
20180510,SFO,81,0,0,189,111
20180510,DEN,53,0,0,322,100
20180511,DFW,92,0,0,317,211
20180511,ORD,67,10,0,111,72
20180511,SFO,49,0,0,239,106
20180511,DEN,52,3,0,267,67
20180512,DFW,76,0,0,322,228
20180512,ORD,56,84,0,100,67
20180512,SFO,42,0,0,244,139
20180512,DEN,56,0,0,189,100
20180513,DFW,66,0,0,322,222
20180513,ORD,28,231,0,194,72
20180513,SFO,54,0,0,194,128
20180513,DEN,44,89,0,161,94
20180514,DFW,62,0,0,317,228
20180514,ORD,37,391,0,283,117
20180514,SFO,54,0,0,183,122
20180514,DEN,30,86,0,183,94
20180515,DFW,41,0,0,311,222
20180515,ORD,49,0,0,217,106
20180515,SFO,47,0,0,194,133
20180515,DEN,40,0,0,250,72
20180516,DFW,37,0,0,328,206
20180516,ORD,24,0,0,261,83
20180516,SFO,54,0,0,200,122
20180516,DEN,37,0,0,272,106
20180517,DFW,25,0,0,339,194
20180517,ORD,41,0,0,206,111
20180517,SFO,75,0,0,183,128
20180517,DEN,48,0,0,300,106
20180518,DFW,57,0,0,350,217
20180518,ORD,49,25,0,183,111
20180518,SFO,64,0,0,178,128
20180518,DEN,45,8,0,183,100
20180519,DFW,70,0,0,333,222
20180519,ORD,24,5,0,206,122
20180519,SFO,80,0,0,172,128
20180519,DEN,56,25,0,106,50
20180520,DFW,39,122,0,267,189
20180520,ORD,61,69,0,128,67
20180520,SFO,89,0,0,167,122
20180520,DEN,34,0,0,144,44
20180521,DFW,17,0,0,317,189
20180521,ORD,28,498,0,178,94
20180521,SFO,51,0,0,194,111
20180521,DEN,38,0,0,261,56
20180522,DFW,34,0,0,317,200
20180522,ORD,21,0,0,194,122
20180522,SFO,51,0,0,161,122
20180522,DEN,39,0,0,272,89
20180523,DFW,31,0,0,328,211
20180523,ORD,18,0,0,267,111
20180523,SFO,47,0,0,172,128
20180523,DEN,37,0,0,278,83
20180524,DFW,34,0,0,322,206
20180524,ORD,23,0,0,306,144
20180524,SFO,41,0,0,178,128
20180524,DEN,29,0,0,300,111
20180525,DFW,45,3,0,328,233
20180525,ORD,40,0,0,317,194
20180525,SFO,41,3,0,183,128
20180525,DEN,43,0,0,328,122
20180526,DFW,33,0,0,361,200
20180526,ORD,31,0,0,322,211
20180526,SFO,58,0,0,189,128
20180526,DEN,47,0,0,344,128
20180527,DFW,30,0,0,356,239
20180527,ORD,21,0,0,361,211
20180527,SFO,42,0,0,233,117
20180527,DEN,62,0,0,306,139
20180528,DFW,28,0,0,344,228
20180528,ORD,32,0,0,350,211
20180528,SFO,48,0,0,289,133
20180528,DEN,52,23,0,211,106
20180529,DFW,36,0,0,350,228
20180529,ORD,30,0,0,306,189
20180529,SFO,74,0,0,217,133
20180529,DEN,44,0,0,256,78
20180530,DFW,66,0,0,344,244
20180530,ORD,36,229,0,300,194
20180530,SFO,101,0,0,167,122
20180530,DEN,45,0,0,289,89
20180531,DFW,77,0,0,356,239
20180531,ORD,43,0,0,317,206
20180531,SFO,96,0,0,178,117
20180531,DEN,64,0,0,333,100
20180601,DFW,63,0,0,356,244
20180601,ORD,60,0,0,244,117
20180601,SFO,51,0,0,239,106
20180601,DEN,41,0,0,333,122
20180602,DFW,49,0,0,367,256
20180602,ORD,39,79,0,211,111
20180602,SFO,47,0,0,294,128
20180602,DEN,41,0,0,261,67
20180603,DFW,52,0,0,333,233
20180603,ORD,64,0,0,256,156
20180603,SFO,60,0,0,239,133
20180603,DEN,30,0,0,261,89
20180604,DFW,28,51,0,289,194
20180604,ORD,45,0,0,267,128
20180604,SFO,102,0,0,194,133
20180604,DEN,41,0,0,339,139
20180605,DFW,43,0,0,344,217
20180605,ORD,59,3,0,222,122
20180605,SFO,80,0,0,183,122
20180605,DEN,42,0,0,350,156
20180606,DFW,55,76,0,356,222
20180606,ORD,26,25,0,261,89
20180606,SFO,82,0,0,183,122
20180606,DEN,47,0,0,350,161
20180607,DFW,60,160,0,350,222
20180607,ORD,39,0,0,272,156
20180607,SFO,85,0,0,189,128
20180607,DEN,75,0,0,333,144
20180608,DFW,51,0,0,344,217
20180608,ORD,37,0,0,228,150
20180608,SFO,89,0,0,211,111
20180608,DEN,46,0,0,356,139
20180609,DFW,55,0,0,344,244
20180609,ORD,26,333,0,278,139
20180609,SFO,91,0,0,194,128
20180609,DEN,44,0,0,350,161
20180610,DFW,61,0,0,356,239
20180610,ORD,35,340,0,217,156
20180610,SFO,85,0,0,200,117
20180610,DEN,48,0,0,361,161
20180611,DFW,73,0,0,350,256
20180611,ORD,43,25,0,211,161
20180611,SFO,75,0,0,217,133
20180611,DEN,48,0,0,278,106
20180612,DFW,55,0,0,350,256
20180612,ORD,17,0,0,267,167
20180612,SFO,65,0,0,244,139
20180612,DEN,43,0,0,306,133
20180613,DFW,54,0,0,361,256
20180613,ORD,39,0,0,272,178
20180613,SFO,75,0,0,244,133
20180613,DEN,49,0,0,344,139
20180614,DFW,55,0,0,361,256
20180614,ORD,20,0,0,272,178
20180614,SFO,46,0,0,250,139
20180614,DEN,60,0,0,361,189
20180615,DFW,66,0,0,361,250
20180615,ORD,30,0,0,317,178
20180615,SFO,55,0,0,189,133
20180615,DEN,44,3,0,350,161
20180616,DFW,74,0,0,350,250
20180616,ORD,43,165,0,333,206
20180616,SFO,52,0,0,217,133
20180616,DEN,38,5,0,306,144
20180617,DFW,58,0,0,344,244
20180617,ORD,48,0,0,339,256
20180617,SFO,39,0,0,222,139
20180617,DEN,47,64,0,250,133
20180618,DFW,58,0,0,333,250
20180618,ORD,57,91,0,350,189
20180618,SFO,57,0,0,217,133
20180618,DEN,47,5,0,278,122
20180619,DFW,54,13,0,294,228
20180619,ORD,38,5,0,272,172
20180619,SFO,63,0,0,194,133
20180619,DEN,64,0,0,261,128
20180620,DFW,32,8,0,333,233
20180620,ORD,36,0,0,250,183
20180620,SFO,73,0,0,183,128
20180620,DEN,43,0,0,256,106
20180621,DFW,26,0,0,367,233
20180621,ORD,57,358,0,194,167
20180621,SFO,79,0,0,206,122
20180621,DEN,38,0,0,300,100
20180622,DFW,51,0,0,383,267
20180622,ORD,62,312,0,178,150
20180622,SFO,57,0,0,0,0
20180622,DEN,47,0,0,322,128
20180623,DFW,60,5,0,361,244
20180623,ORD,24,0,0,272,167
20180623,SFO,45,0,0,0,0
20180623,DEN,42,0,0,317,106
20180624,DFW,88,0,0,372,272
20180624,ORD,39,0,0,267,178
20180624,SFO,37,0,0,0,0
20180624,DEN,35,33,0,211,106
20180625,DFW,76,10,0,344,228
20180625,ORD,51,0,0,256,161
20180625,SFO,47,0,0,0,0
20180625,DEN,35,0,0,283,89
20180626,DFW,75,0,0,372,261
20180626,ORD,40,193,0,289,189
20180626,SFO,63,0,0,0,0
20180626,DEN,43,0,0,361,133
20180627,DFW,64,0,0,378,261
20180627,ORD,30,8,0,267,206
20180627,SFO,47,0,0,0,0
20180627,DEN,50,0,0,383,178
20180628,DFW,64,0,0,378,261
20180628,ORD,21,0,0,311,200
20180628,SFO,68,0,0,0,0
20180628,DEN,55,0,0,406,172
20180629,DFW,80,0,0,372,256
20180629,ORD,45,0,0,356,228
20180629,SFO,57,0,0,0,0
20180629,DEN,68,0,0,361,189
20180630,DFW,77,0,0,378,256
20180630,ORD,50,0,0,344,267
20180630,SFO,37,0,0,0,0
20180630,DEN,59,0,0,244,106
20180701,DFW,61,0,0,389,250
20180701,ORD,55,61,0,344,244
20180701,SFO,34,0,0,0,0
20180701,DEN,33,0,0,322,83
20180702,DFW,43,0,0,383,256
20180702,ORD,26,0,0,294,206
20180702,SFO,41,0,0,0,0
20180702,DEN,47,5,0,350,133
20180703,DFW,38,0,0,394,261
20180703,ORD,28,0,0,317,172
20180703,SFO,43,0,0,0,0
20180703,DEN,41,0,0,372,139
20180704,DFW,46,0,0,339,244
20180704,ORD,34,3,0,339,244
20180704,SFO,65,0,0,0,0
20180704,DEN,46,0,0,339,144
20180705,DFW,28,0,0,361,228
20180705,ORD,29,5,0,333,233
20180705,SFO,62,0,0,0,0
20180705,DEN,72,0,0,306,167
20180706,DFW,38,0,0,361,256
20180706,ORD,62,0,0,239,178
20180706,SFO,55,0,0,0,0
20180706,DEN,50,0,0,333,156
20180707,DFW,41,0,0,356,233
20180707,ORD,31,0,0,278,150
20180707,SFO,83,0,0,0,0
20180707,DEN,46,0,0,367,167
20180708,DFW,38,0,0,356,244
20180708,ORD,19,0,0,311,172
20180708,SFO,73,0,0,0,0
20180708,DEN,48,0,0,367,194
20180709,DFW,32,0,0,328,239
20180709,ORD,35,0,0,328,194
20180709,SFO,80,0,0,0,0
20180709,DEN,52,0,0,350,172
20180710,DFW,26,8,0,356,228
20180710,ORD,48,0,0,306,217
20180710,SFO,75,0,0,0,0
20180710,DEN,57,0,0,367,178
20180711,DFW,31,0,0,367,233
20180711,ORD,29,0,0,306,194
20180711,SFO,51,0,0,0,0
20180711,DEN,45,0,0,356,156
20180712,DFW,37,41,0,367,222
20180712,ORD,33,0,0,306,211
20180712,SFO,48,0,0,239,139
20180712,DEN,52,0,0,311,167
20180713,DFW,41,0,0,361,222
20180713,ORD,39,0,0,350,222
20180713,SFO,62,0,0,217,144
20180713,DEN,37,0,0,322,161
20180714,DFW,51,0,0,378,261
20180714,ORD,21,66,0,278,222
20180714,SFO,72,0,0,217,128
20180714,DEN,48,0,0,361,178
20180715,DFW,52,0,0,378,261
20180715,ORD,17,0,0,328,222
20180715,SFO,65,0,0,206,128
20180715,DEN,51,53,0,239,150
20180716,DFW,41,0,0,383,267
20180716,ORD,27,20,0,339,222
20180716,SFO,68,0,0,206,128
20180716,DEN,29,18,0,328,150
20180717,DFW,43,0,0,400,267
20180717,ORD,44,0,0,272,200
20180717,SFO,63,0,0,194,128
20180717,DEN,45,0,0,311,156
20180718,DFW,49,0,0,411,278
20180718,ORD,33,0,0,267,172
20180718,SFO,54,0,0,217,128
20180718,DEN,44,0,0,350,172
20180719,DFW,57,0,0,422,283
20180719,ORD,46,8,0,306,194
20180719,SFO,45,0,0,222,128
20180719,DEN,38,0,0,367,178
20180720,DFW,55,0,0,422,272
20180720,ORD,52,38,0,256,211
20180720,SFO,38,0,0,283,133
20180720,DEN,42,0,0,361,189
20180721,DFW,48,0,0,428,272
20180721,ORD,58,30,0,261,206
20180721,SFO,55,0,0,239,150
20180721,DEN,36,0,0,361,200
20180722,DFW,38,0,0,428,261
20180722,ORD,66,33,0,244,194
20180722,SFO,62,0,0,222,144
20180722,DEN,53,0,0,350,183
20180723,DFW,49,0,0,400,278
20180723,ORD,41,0,0,278,183
20180723,SFO,69,0,0,211,128
20180723,DEN,40,109,0,256,172
20180724,DFW,40,0,0,367,250
20180724,ORD,22,0,0,311,189
20180724,SFO,67,0,0,194,128
20180724,DEN,43,33,0,322,172
20180725,DFW,22,0,0,378,250
20180725,ORD,35,0,0,322,194
20180725,SFO,72,0,0,211,128
20180725,DEN,51,20,0,267,156
20180726,DFW,30,0,0,394,256
20180726,ORD,46,8,0,272,189
20180726,SFO,73,0,0,206,128
20180726,DEN,42,20,0,283,144
20180727,DFW,32,0,0,372,300
20180727,ORD,36,0,0,261,167
20180727,SFO,63,0,0,183,128
20180727,DEN,52,0,0,294,144
20180728,DFW,31,0,0,383,272
20180728,ORD,25,0,0,278,161
20180728,SFO,60,0,0,189,117
20180728,DEN,38,3,0,261,133
20180729,DFW,47,0,0,383,267
20180729,ORD,13,18,0,283,167
20180729,SFO,56,0,0,189,111
20180729,DEN,36,0,0,289,133
20180730,DFW,29,13,0,322,222
20180730,ORD,27,0,0,278,167
20180730,SFO,69,0,0,189,117
20180730,DEN,43,0,0,261,128
20180731,DFW,54,3,0,339,222
20180731,ORD,34,0,0,267,189
20180731,SFO,66,0,0,183,111
20180731,DEN,43,0,0,306,122
20180801,DFW,28,0,0,344,200
20180801,ORD,34,0,0,294,172
20180801,SFO,59,0,0,189,111
20180801,DEN,35,0,0,294,156
20180802,DFW,33,0,0,356,222
20180802,ORD,40,0,0,294,211
20180802,SFO,54,0,0,200,111
20180802,DEN,40,0,0,339,133
20180803,DFW,39,0,0,361,228
20180803,ORD,18,0,0,317,194
20180803,SFO,53,0,0,222,111
20180803,DEN,49,23,0,289,178
20180804,DFW,47,0,0,367,222
20180804,ORD,43,0,0,361,217
20180804,SFO,71,0,0,228,128
20180804,DEN,55,0,0,350,167
20180805,DFW,59,0,0,372,250
20180805,ORD,56,0,0,344,239
20180805,SFO,65,0,0,200,128
20180805,DEN,43,0,0,311,172
20180806,DFW,49,0,0,361,261
20180806,ORD,30,86,0,272,206
20180806,SFO,61,0,0,228,100
20180806,DEN,43,79,0,289,144
20180807,DFW,51,0,0,378,261
20180807,ORD,22,599,0,283,206
20180807,SFO,67,0,0,178,111
20180807,DEN,47,15,0,311,133
20180808,DFW,57,0,0,339,261
20180808,ORD,26,0,0,294,206
20180808,SFO,62,0,0,211,117
20180808,DEN,46,0,0,283,139
20180809,DFW,30,61,0,361,233
20180809,ORD,43,109,0,317,206
20180809,SFO,51,0,0,261,111
20180809,DEN,38,0,0,311,133
20180810,DFW,34,53,0,289,228
20180810,ORD,41,0,0,283,211
20180810,SFO,57,0,0,217,111
20180810,DEN,47,0,0,311,167
20180811,DFW,35,518,0,256,211
20180811,ORD,21,0,0,311,200
20180811,SFO,57,0,0,233,144
20180811,DEN,56,0,0,333,150
20180812,DFW,38,3,0,306,222
20180812,ORD,27,0,0,306,211
20180812,SFO,57,0,0,222,144
20180812,DEN,71,0,0,322,161
20180813,DFW,37,81,0,311,228
20180813,ORD,13,0,0,317,189
20180813,SFO,63,0,0,194,128
20180813,DEN,38,0,0,317,117
20180814,DFW,45,20,0,322,233
20180814,ORD,23,0,0,306,217
20180814,SFO,58,0,0,189,128
20180814,DEN,51,97,0,289,144
20180815,DFW,54,0,0,361,250
20180815,ORD,26,3,0,294,228
20180815,SFO,61,0,0,217,150
20180815,DEN,48,0,0,311,167
20180816,DFW,48,0,0,367,261
20180816,ORD,20,127,0,300,206
20180816,SFO,73,0,0,217,144
20180816,DEN,29,0,0,317,150
20180817,DFW,46,0,0,372,267
20180817,ORD,25,28,0,294,200
20180817,SFO,54,0,0,217,128
20180817,DEN,57,0,0,317,172
20180818,DFW,39,23,0,383,239
20180818,ORD,38,0,0,267,211
20180818,SFO,57,0,0,217,111
20180818,DEN,47,18,0,261,139
20180819,DFW,34,0,0,356,244
20180819,ORD,29,0,0,300,200
20180819,SFO,54,0,0,200,111
20180819,DEN,50,3,0,222,106
20180820,DFW,44,0,0,350,250
20180820,ORD,45,208,0,261,206
20180820,SFO,46,0,0,222,128
20180820,DEN,34,0,0,244,78
20180821,DFW,22,0,0,333,228
20180821,ORD,47,33,0,256,189
20180821,SFO,41,0,0,194,128
20180821,DEN,46,0,0,267,117
20180822,DFW,28,0,0,350,222
20180822,ORD,39,0,0,261,144
20180822,SFO,45,0,0,222,161
20180822,DEN,38,0,0,272,133
20180823,DFW,44,0,0,367,228
20180823,ORD,29,0,0,267,156
20180823,SFO,49,0,0,211,161
20180823,DEN,64,0,0,317,144
20180824,DFW,61,0,0,367,261
20180824,ORD,53,10,0,222,172
20180824,SFO,47,0,0,217,133
20180824,DEN,37,0,0,322,161
20180825,DFW,55,0,0,361,261
20180825,ORD,30,15,0,300,189
20180825,SFO,43,0,0,217,128
20180825,DEN,40,0,0,333,161
20180826,DFW,57,0,0,350,256
20180826,ORD,40,0,0,339,222
20180826,SFO,45,0,0,222,128
20180826,DEN,64,3,0,344,156
20180827,DFW,64,0,0,361,261
20180827,ORD,72,0,0,339,256
20180827,SFO,45,0,0,217,133
20180827,DEN,55,0,0,339,167
20180828,DFW,68,0,0,367,261
20180828,ORD,53,353,0,328,194
20180828,SFO,35,0,0,200,144
20180828,DEN,42,0,0,239,100
20180829,DFW,44,0,0,367,256
20180829,ORD,42,107,0,244,183
20180829,SFO,41,0,0,233,144
20180829,DEN,45,0,0,328,122
20180830,DFW,40,0,0,350,233
20180830,ORD,30,0,0,228,161
20180830,SFO,50,0,0,217,144
20180830,DEN,35,0,0,333,156
20180831,DFW,42,0,0,361,250
20180831,ORD,35,0,0,294,156
20180831,SFO,68,0,0,217,133
20180831,DEN,42,0,0,322,161
20180901,DFW,43,0,0,350,256
20180901,ORD,35,41,0,300,222
20180901,SFO,56,0,0,200,128
20180901,DEN,34,0,0,311,117
20180902,DFW,49,0,0,344,244
20180902,ORD,42,5,0,328,211
20180902,SFO,49,0,0,206,117
20180902,DEN,36,0,0,278,139
20180903,DFW,45,61,0,272,233
20180903,ORD,30,455,0,311,211
20180903,SFO,43,0,0,211,128
20180903,DEN,34,0,0,278,144
20180904,DFW,48,0,0,328,239
20180904,ORD,34,0,0,333,217
20180904,SFO,39,0,0,211,133
20180904,DEN,39,0,0,283,133
20180905,DFW,28,0,0,328,256
20180905,ORD,54,61,0,328,206
20180905,SFO,41,0,0,217,128
20180905,DEN,46,18,0,211,122
20180906,DFW,26,208,0,339,233
20180906,ORD,60,135,0,206,178
20180906,SFO,58,0,0,178,128
20180906,DEN,38,0,0,256,106
20180907,DFW,19,130,0,333,233
20180907,ORD,60,76,0,206,172
20180907,SFO,56,0,0,222,117
20180907,DEN,33,3,0,239,111
20180908,DFW,30,244,0,244,222
20180908,ORD,76,0,0,206,172
20180908,SFO,66,0,0,228,128
20180908,DEN,42,0,0,300,111
20180909,DFW,42,0,0,239,200
20180909,ORD,68,0,0,200,156
20180909,SFO,62,0,0,228,111
20180909,DEN,42,0,0,311,128
20180910,DFW,29,8,0,256,206
20180910,ORD,30,0,0,233,133
20180910,SFO,55,0,0,250,117
20180910,DEN,43,0,0,339,128
20180911,DFW,32,10,0,261,200
20180911,ORD,20,0,0,261,139
20180911,SFO,86,0,0,211,128
20180911,DEN,47,0,0,339,156
20180912,DFW,35,25,0,300,217
20180912,ORD,26,0,0,278,161
20180912,SFO,81,0,0,194,128
20180912,DEN,55,0,0,339,167
20180913,DFW,26,0,0,317,211
20180913,ORD,20,0,0,256,156
20180913,SFO,74,0,0,200,128
20180913,DEN,62,0,0,356,178
20180914,DFW,22,114,0,300,217
20180914,ORD,17,0,0,306,178
20180914,SFO,60,0,0,217,128
20180914,DEN,47,0,0,333,156
20180915,DFW,28,0,0,328,222
20180915,ORD,31,0,0,278,178
20180915,SFO,90,0,0,183,128
20180915,DEN,61,0,0,344,144
20180916,DFW,13,0,0,333,233
20180916,ORD,29,0,0,317,189
20180916,SFO,65,0,0,211,128
20180916,DEN,47,0,0,339,156
20180917,DFW,23,0,0,339,239
20180917,ORD,15,0,0,328,206
20180917,SFO,63,0,0,189,133
20180917,DEN,30,0,0,333,178
20180918,DFW,26,0,0,344,233
20180918,ORD,37,0,0,239,189
20180918,SFO,49,0,0,194,122
20180918,DEN,44,0,0,328,150
20180919,DFW,38,0,0,344,239
20180919,ORD,41,53,0,244,189
20180919,SFO,36,0,0,239,106
20180919,DEN,46,20,0,289,150
20180920,DFW,43,46,0,322,233
20180920,ORD,35,0,0,339,189
20180920,SFO,26,0,0,294,117
20180920,DEN,42,3,0,289,111
20180921,DFW,41,1486,0,300,222
20180921,ORD,72,0,0,283,133
20180921,SFO,43,0,0,233,111
20180921,DEN,67,0,0,261,67
20180922,DFW,47,587,0,244,194
20180922,ORD,42,0,0,178,106
20180922,SFO,48,0,0,189,111
20180922,DEN,40,0,0,300,94
20180923,DFW,34,3,0,222,189
20180923,ORD,23,0,0,217,100
20180923,SFO,50,0,0,206,111
20180923,DEN,42,0,0,311,133
20180924,DFW,20,0,0,272,211
20180924,ORD,29,0,0,233,139
20180924,SFO,41,0,0,228,94
20180924,DEN,56,3,0,267,122
20180925,DFW,34,0,0,328,206
20180925,ORD,39,64,0,289,161
20180925,SFO,47,0,0,194,111
20180925,DEN,41,0,0,178,22
20180926,DFW,55,224,0,244,150
20180926,ORD,39,0,0,194,100
20180926,SFO,47,0,0,228,111
20180926,DEN,32,0,0,228,56
20180927,DFW,26,0,0,261,156
20180927,ORD,34,0,0,211,89
20180927,SFO,55,0,0,178,106
20180927,DEN,39,0,0,267,94
20180928,DFW,31,0,0,250,156
20180928,ORD,27,18,0,156,78
20180928,SFO,40,0,0,200,117
20180928,DEN,47,0,0,100,28
20180929,DFW,37,79,0,261,194
20180929,ORD,27,5,0,161,56
20180929,SFO,41,0,0,211,144
20180929,DEN,42,0,0,289,22
20180930,DFW,35,0,0,294,211
20180930,ORD,34,15,0,167,117
20180930,SFO,34,0,0,239,156
20180930,DEN,31,0,0,161,44
20181001,DFW,39,0,0,300,211
20181001,ORD,32,396,0,222,139
20181001,SFO,24,0,0,228,144
20181001,DEN,22,0,0,217,61
20181002,DFW,37,0,0,300,211
20181002,ORD,23,3,0,194,144
20181002,SFO,31,41,0,233,161
20181002,DEN,36,0,0,272,111
20181003,DFW,60,0,0,328,228
20181003,ORD,62,0,0,311,150
20181003,SFO,34,0,0,233,161
20181003,DEN,69,0,0,300,83
20181004,DFW,44,0,0,317,228
20181004,ORD,72,10,0,250,111
20181004,SFO,44,0,0,217,144
20181004,DEN,49,0,0,200,83
20181005,DFW,53,0,0,322,233
20181005,ORD,32,315,0,183,122
20181005,SFO,51,0,0,217,128
20181005,DEN,53,20,0,239,28
20181006,DFW,47,71,0,317,222
20181006,ORD,36,30,0,211,139
20181006,SFO,72,0,0,222,144
20181006,DEN,58,41,13,161,6
20181007,DFW,52,33,0,317,217
20181007,ORD,47,132,0,172,139
20181007,SFO,64,0,0,256,144
20181007,DEN,40,79,0,83,33
20181008,DFW,42,147,0,278,211
20181008,ORD,39,38,0,294,172
20181008,SFO,43,0,0,261,144
20181008,DEN,37,18,0,44,22
20181009,DFW,39,577,0,239,167
20181009,ORD,46,3,0,294,211
20181009,SFO,31,0,0,244,128
20181009,DEN,37,8,0,33,11
20181010,DFW,44,0,0,222,144
20181010,ORD,60,89,0,239,106
20181010,SFO,33,0,0,200,111
20181010,DEN,39,0,0,28,-5
20181011,DFW,35,0,0,228,111
20181011,ORD,62,0,0,106,44
20181011,SFO,43,0,0,211,122
20181011,DEN,25,3,0,89,11
20181012,DFW,29,145,0,194,156
20181012,ORD,31,0,0,56,22
20181012,SFO,28,0,0,261,111
20181012,DEN,35,0,0,178,0
20181013,DFW,38,559,0,189,156
20181013,ORD,34,0,0,117,0
20181013,SFO,48,0,0,256,117
20181013,DEN,64,5,0,172,-32
20181014,DFW,44,15,0,267,94
20181014,ORD,26,18,0,122,33
20181014,SFO,38,0,0,222,111
20181014,DEN,43,23,69,-27,-66
20181015,DFW,81,744,0,94,50
20181015,ORD,51,25,0,89,28
20181015,SFO,43,0,0,272,128
20181015,DEN,36,0,0,89,-77
20181016,DFW,51,406,0,111,67
20181016,ORD,55,0,0,150,11
20181016,SFO,39,0,0,228,106
20181016,DEN,34,0,0,133,-16
20181017,DFW,38,147,0,133,89
20181017,ORD,45,0,0,106,33
20181017,SFO,48,0,0,206,94
20181017,DEN,73,0,0,161,22
20181018,DFW,33,0,0,194,122
20181018,ORD,26,0,0,144,11
20181018,SFO,41,0,0,206,94
20181018,DEN,62,0,0,206,44
20181019,DFW,14,279,0,161,133
20181019,ORD,55,8,0,122,78
20181019,SFO,44,0,0,233,94
20181019,DEN,42,0,0,194,44
20181020,DFW,45,0,0,228,122
20181020,ORD,63,0,0,106,-5
20181020,SFO,54,0,0,194,100
20181020,DEN,44,0,0,211,33
20181021,DFW,26,0,0,211,94
20181021,ORD,41,0,0,106,-21
20181021,SFO,51,0,0,200,94
20181021,DEN,33,0,0,233,50
20181022,DFW,18,0,0,183,83
20181022,ORD,33,0,0,178,33
20181022,SFO,44,0,0,178,111
20181022,DEN,50,0,0,233,67
20181023,DFW,22,0,0,222,128
20181023,ORD,32,0,0,122,33
20181023,SFO,41,0,0,183,94
20181023,DEN,53,0,0,211,67
20181024,DFW,34,561,0,144,117
20181024,ORD,16,0,0,111,28
20181024,SFO,42,0,0,217,100
20181024,DEN,27,0,0,156,56
20181025,DFW,31,3,0,172,122
20181025,ORD,22,0,0,117,28
20181025,SFO,42,0,0,222,117
20181025,DEN,34,0,0,189,61
20181026,DFW,35,0,0,228,106
20181026,ORD,40,0,0,117,78
20181026,SFO,46,0,0,228,128
20181026,DEN,35,0,0,206,28
20181027,DFW,13,0,0,283,106
20181027,ORD,23,0,0,122,61
20181027,SFO,50,0,0,211,122
20181027,DEN,66,0,0,228,56
20181028,DFW,32,0,0,306,144
20181028,ORD,53,30,0,106,67
20181028,SFO,51,0,0,222,128
20181028,DEN,43,0,0,250,11
20181029,DFW,47,0,0,283,144
20181029,ORD,27,0,0,133,44
20181029,SFO,53,0,0,194,111
20181029,DEN,47,0,0,261,44
20181030,DFW,69,0,0,278,194
20181030,ORD,35,76,0,178,72
20181030,SFO,40,0,0,200,94
20181030,DEN,27,56,0,61,6
20181031,DFW,49,290,0,206,111
20181031,ORD,32,43,0,161,83
20181031,SFO,23,0,0,244,100
20181031,DEN,36,0,0,78,-10
20181101,DFW,56,0,0,172,89
20181101,ORD,58,0,0,111,61
20181101,SFO,21,0,0,278,128
20181101,DEN,39,0,0,128,11
20181102,DFW,41,0,0,228,78
20181102,ORD,31,0,0,100,28
20181102,SFO,34,0,0,239,106
20181102,DEN,67,0,0,183,-16
20181103,DFW,71,81,0,239,89
20181103,ORD,34,15,0,100,11
20181103,SFO,27,0,0,261,117
20181103,DEN,67,8,0,122,-10
20181104,DFW,33,0,0,183,94
20181104,ORD,67,137,0,111,78
20181104,SFO,67,0,0,183,111
20181104,DEN,35,0,0,133,-32
20181105,DFW,49,0,0,272,106
20181105,ORD,43,94,0,106,67
20181105,SFO,40,0,0,228,100
20181105,DEN,42,0,0,133,-27
20181106,DFW,30,0,0,228,122
20181106,ORD,73,15,0,100,33
20181106,SFO,26,0,0,211,83
20181106,DEN,45,0,0,106,-32
20181107,DFW,46,0,0,206,133
20181107,ORD,67,0,0,39,6
20181107,SFO,26,0,0,228,83
20181107,DEN,34,0,0,67,-27
20181108,DFW,45,74,0,139,100
20181108,ORD,18,0,0,50,6
20181108,SFO,30,0,0,200,94
20181108,DEN,33,0,0,33,-71
20181109,DFW,64,0,0,122,50
20181109,ORD,54,33,25,28,-66
20181109,SFO,24,0,0,200,100
20181109,DEN,41,0,0,94,-93
20181110,DFW,28,0,0,111,0
20181110,ORD,49,0,0,6,-66
20181110,SFO,9,0,0,167,67
20181110,DEN,47,0,0,144,-27
20181111,DFW,42,23,0,111,72
20181111,ORD,36,0,0,50,-21
20181111,SFO,26,0,0,194,56
20181111,DEN,51,43,46,-10,-55
20181112,DFW,84,38,0,78,6
20181112,ORD,43,0,0,11,-43
20181112,SFO,10,0,0,194,67
20181112,DEN,39,8,20,-38,-121
20181113,DFW,74,0,0,50,-16
20181113,ORD,41,0,0,-16,-71
20181113,SFO,6,0,0,161,78
20181113,DEN,32,0,0,89,-110
20181114,DFW,30,0,0,89,-38
20181114,ORD,22,0,0,22,-82
20181114,SFO,15,0,0,183,67
20181114,DEN,43,0,0,172,11
20181115,DFW,34,0,0,189,-16
20181115,ORD,23,23,28,17,-32
20181115,SFO,10,0,0,167,67
20181115,DEN,45,0,0,150,-5
20181116,DFW,35,0,0,222,28
20181116,ORD,43,0,0,50,-16
20181116,SFO,15,0,0,167,67
20181116,DEN,44,0,0,128,0
20181117,DFW,44,0,0,211,67
20181117,ORD,33,33,38,17,0
20181117,SFO,32,0,0,161,67
20181117,DEN,44,10,5,11,-66
20181118,DFW,61,0,0,156,28
20181118,ORD,27,0,0,33,-38
20181118,SFO,18,0,0,139,67
20181118,DEN,24,0,0,89,-71
20181119,DFW,26,0,0,122,22
20181119,ORD,36,0,0,11,-49
20181119,SFO,13,0,0,167,67
20181119,DEN,43,0,0,94,-60
20181120,DFW,29,0,0,144,22
20181120,ORD,52,0,0,17,-16
20181120,SFO,8,0,0,161,67
20181120,DEN,35,0,0,144,-55
20181121,DFW,16,0,0,156,11
20181121,ORD,47,0,0,22,-10
20181121,SFO,23,193,0,156,128
20181121,DEN,42,0,0,161,-10
20181122,DFW,29,0,0,178,33
20181122,ORD,43,0,0,44,-5
20181122,SFO,51,137,0,172,100
20181122,DEN,45,0,0,161,22
20181123,DFW,66,0,0,239,106
20181123,ORD,52,10,0,106,11
20181123,SFO,51,74,0,167,128
20181123,DEN,73,0,0,117,-16
20181124,DFW,49,0,0,233,61
20181124,ORD,48,46,0,83,44
20181124,SFO,46,0,0,161,111
20181124,DEN,67,8,18,150,-27
20181125,DFW,87,0,0,161,39
20181125,ORD,68,305,84,44,6
20181125,SFO,18,0,0,167,89
20181125,DEN,41,0,0,50,-82
20181126,DFW,50,0,0,106,0
20181126,ORD,78,99,130,6,-43
20181126,SFO,20,0,0,167,89
20181126,DEN,35,0,0,106,-66
20181127,DFW,43,0,0,189,-5
20181127,ORD,38,0,0,-38,-71
20181127,SFO,31,15,0,156,94
20181127,DEN,46,0,0,128,-43
20181128,DFW,67,0,0,217,56
20181128,ORD,21,13,18,-27,-82
20181128,SFO,36,254,0,178,133
20181128,DEN,47,0,0,144,-16
20181129,DFW,63,0,0,256,106
20181129,ORD,26,0,0,33,-27
20181129,SFO,98,107,0,156,128
20181129,DEN,32,0,0,94,-16
20181130,DFW,70,3,0,228,172
20181130,ORD,22,0,0,56,-21
20181130,SFO,70,0,0,156,100
20181130,DEN,37,13,25,17,-32
20181201,DFW,61,0,0,222,122
20181201,ORD,56,287,0,56,22
20181201,SFO,68,23,0,150,94
20181201,DEN,44,0,0,67,-66
20181202,DFW,41,0,0,144,72
20181202,ORD,40,25,0,67,17
20181202,SFO,20,0,0,128,56
20181202,DEN,30,0,0,28,-93
20181203,DFW,49,0,0,117,33
20181203,ORD,58,3,8,17,-16
20181203,SFO,39,0,0,133,83
20181203,DEN,20,0,0,11,-71
20181204,DFW,33,0,0,83,-10
20181204,ORD,35,0,0,0,-21
20181204,SFO,38,20,0,128,94
20181204,DEN,44,0,0,33,-99
20181205,DFW,27,0,0,122,-16
20181205,ORD,47,0,0,6,-38
20181205,SFO,46,79,0,128,94
20181205,DEN,41,0,0,94,-88
20181206,DFW,34,51,0,117,78
20181206,ORD,44,0,0,6,-71
20181206,SFO,21,3,0,156,94
20181206,DEN,38,0,0,-5,-77
20181207,DFW,53,163,0,78,56
20181207,ORD,28,0,0,-38,-88
20181207,SFO,14,0,0,156,67
20181207,DEN,41,0,0,61,-77
20181208,DFW,70,112,0,56,28
20181208,ORD,17,0,0,0,-66
20181208,SFO,9,0,0,156,67
20181208,DEN,37,0,0,94,-71
20181209,DFW,54,0,0,100,28
20181209,ORD,19,0,0,17,-82
20181209,SFO,17,0,0,128,67
20181209,DEN,27,0,0,72,-82
20181210,DFW,22,0,0,144,-10
20181210,ORD,31,0,0,11,-88
20181210,SFO,16,5,0,144,78
20181210,DEN,47,0,0,150,-88
20181211,DFW,53,0,0,156,6
20181211,ORD,34,0,0,33,-38
20181211,SFO,29,0,0,133,67
20181211,DEN,57,0,0,150,-32
20181212,DFW,55,0,0,172,83
20181212,ORD,48,0,0,50,-16
20181212,SFO,34,0,0,167,83
20181212,DEN,76,0,0,139,0
20181213,DFW,62,23,0,189,67
20181213,ORD,19,38,0,78,-43
20181213,SFO,13,0,0,161,67
20181213,DEN,50,0,0,44,-60
20181214,DFW,92,0,0,100,56
20181214,ORD,30,33,0,44,0
20181214,SFO,42,3,0,167,83
20181214,DEN,47,0,0,122,-71
20181215,DFW,47,0,0,161,28
20181215,ORD,34,0,0,78,-32
20181215,SFO,22,0,0,167,111
20181215,DEN,33,0,0,128,-21
20181216,DFW,26,0,0,189,22
20181216,ORD,29,0,0,94,-38
20181216,SFO,41,147,0,161,111
20181216,DEN,46,0,0,156,-38
20181217,DFW,25,0,0,128,50
20181217,ORD,34,0,0,56,-21
20181217,SFO,22,5,0,156,100
20181217,DEN,34,0,0,150,-32
20181218,DFW,22,0,0,172,17
20181218,ORD,30,0,0,56,-38
20181218,SFO,11,0,0,150,83
20181218,DEN,34,0,0,139,-38
20181219,DFW,31,8,0,150,100
20181219,ORD,49,0,0,94,6
20181219,SFO,15,0,0,156,100
20181219,DEN,70,0,0,100,-21
20181220,DFW,88,0,0,150,78
20181220,ORD,35,25,0,78,33
20181220,SFO,10,0,0,128,83
20181220,DEN,39,0,0,89,-71
20181221,DFW,41,0,0,144,39
20181221,ORD,61,13,0,33,-16
20181221,SFO,21,23,0,144,83
20181221,DEN,55,0,0,172,-43
20181222,DFW,52,0,0,189,50
20181222,ORD,28,0,0,11,-21
20181222,SFO,17,0,0,133,67
20181222,DEN,52,0,0,33,-93
20181223,DFW,38,0,0,128,50
20181223,ORD,50,0,0,33,-21
20181223,SFO,13,5,0,133,89
20181223,DEN,32,0,0,111,-116
20181224,DFW,43,0,0,161,17
20181224,ORD,26,0,0,6,-49
20181224,SFO,47,107,0,156,100
20181224,DEN,30,0,0,83,-66
20181225,DFW,38,0,0,178,128
20181225,ORD,16,0,0,72,-21
20181225,SFO,48,0,0,150,83
20181225,DEN,34,0,0,83,-66
20181226,DFW,65,622,0,189,122
20181226,ORD,23,0,0,83,-32
20181226,SFO,48,0,0,150,72
20181226,DEN,44,0,0,28,-71
20181227,DFW,62,61,0,167,44
20181227,ORD,70,168,0,117,39
20181227,SFO,63,0,0,150,83
20181227,DEN,58,0,0,-10,-105
20181228,DFW,51,0,0,78,6
20181228,ORD,68,20,5,117,-10
20181228,SFO,47,0,0,144,67
20181228,DEN,28,0,0,-55,-127
20181229,DFW,51,0,0,44,17
20181229,ORD,34,13,23,-10,-55
20181229,SFO,21,0,0,156,50
20181229,DEN,34,0,0,39,-149
20181230,DFW,19,3,0,50,17
20181230,ORD,50,0,0,22,-71
20181230,SFO,55,0,0,150,72
20181230,DEN,45,0,0,117,-27
20181231,DFW,46,114,0,161,33
20181231,ORD,39,218,0,39,-5
20181231,SFO,94,0,0,128,67
